Hours,ADX,MACD,Signal Line,Histogram,%K,%D,Open,High,Low,Close,Output
0,0.0,0.0,0.0,0.0,0.0,0.0,4035.85,4043.38,4033.21,4037.73,1.0
1,0.0,0.0,0.0,0.0,0.0,0.0,4036.88,4038.05,4025.0,4027.54,-1.0
2,0.0,0.0,0.0,0.0,0.0,0.0,4027.02,4029.0,4019.16,4025.0,-1.0
3,0.0,0.0,0.0,0.0,0.0,0.0,4025.0,4033.8,4015.1,4017.01,-1.0
4,0.0,0.0,0.0,0.0,0.0,0.0,4017.01,4032.8,4011.11,4024.29,1.0
5,0.0,0.0,0.0,0.0,0.0,0.0,4024.26,4029.15,4021.36,4024.92,1.0
6,0.0,0.0,0.0,0.0,0.0,0.0,4024.94,4125.33,4022.2,4124.87,1.0
7,0.0,0.0,0.0,0.0,0.0,0.0,4125.31,4130.0,4093.0,4100.3,-1.0
8,0.0,0.0,0.0,0.0,0.0,0.0,4100.93,4109.58,4087.01,4095.94,-1.0
9,0.0,0.0,0.0,0.0,0.0,0.0,4095.92,4104.53,4083.56,4095.03,-1.0
10,0.0,0.0,0.0,0.0,0.0,0.0,4095.91,4095.91,4075.86,4084.23,-1.0
11,0.0,0.0,0.0,0.0,0.0,0.0,4084.79,4101.97,4080.47,4094.98,1.0
12,0.0,0.0,0.0,0.0,0.0,0.0,4094.98,4098.0,4080.0,4084.98,-1.0
13,0.0,0.0,0.0,0.0,64.6227605349,0.0,4084.98,4091.8,4082.1,4087.94,1.0
14,0.0,0.0,0.0,0.0,65.7414416688,0.0,4087.9,4089.99,4086.02,4089.27,1.0
15,0.0,0.0,0.0,0.0,74.8002355118,0.0,4089.46,4112.45,4087.74,4100.04,1.0
16,0.0,0.0,0.0,0.0,74.7665909664,0.0,4100.4,4106.0,4095.56,4100.0,-1.0
17,0.0,0.0,0.0,0.0,70.1825216587,0.0,4100.0,4107.24,4094.2,4094.55,-1.0
18,0.0,0.0,0.0,0.0,65.9701767305,0.0,4097.52,4098.0,4089.1,4093.03,-1.0
19,0.0,0.0,0.0,0.0,63.7847866419,0.0,4092.11,4098.0,4089.0,4090.96,1.0
20,0.0,0.0,0.0,0.0,42.6856298485,0.0,4093.97,4099.0,4090.49,4098.97,1.0
21,0.0,0.0,0.0,0.0,55.2336704017,0.0,4094.0,4100.0,4088.53,4096.07,1.0
22,0.0,0.0,0.0,0.0,40.3388904072,0.0,4098.75,4099.92,4090.62,4090.62,-1.0
23,0.0,0.0,0.0,0.0,41.3774255261,0.0,4090.03,4094.27,4090.0,4091.0,1.0
24,0.0,0.0,0.0,0.0,50.7858243451,0.0,4091.0,4099.0,4090.7,4096.48,1.0
25,0.0,12.9840509808,0.0,0.0,77.1032357473,0.0,4096.48,4110.98,4095.32,4105.02,1.0
26,0.0,13.9671884368,0.0,0.0,55.4743365644,0.0,4105.5,4145.03,4104.0,4117.01,1.0
27,49.8679073349,10.1070575155,0.0,0.0,31.1071048103,60.2048233253,4117.04,4124.0,4023.0,4060.96,-1.0
28,46.3584434834,7.29382608129,0.0,0.0,34.4587396542,57.8108479164,4060.98,4077.98,4059.03,4065.05,1.0
29,43.3803024653,4.92603705356,0.0,0.0,33.631074326,55.576369201,4065.05,4066.96,4052.0,4064.04,-1.0
30,40.6672039173,4.14436716512,0.0,0.0,45.2347783332,52.6357148306,4064.04,4084.5,4064.0,4078.2,1.0
31,38.0169158718,2.35195494866,0.0,0.0,33.5982955011,50.5262996425,4078.2,4080.04,4061.0,4064.0,-1.0
32,35.5559341153,1.48084047765,0.0,0.0,39.3509792674,47.9131406313,4064.82,4074.42,4063.97,4071.02,1.0
33,33.2227871188,0.215085943641,6.38560095589,-6.17051501225,33.5327378513,46.0117693839,4070.02,4072.18,4063.0,4063.92,-1.0
34,31.0920484678,-0.455178559571,5.0174450528,-5.47262361237,36.8597885766,43.850908756,4063.95,4072.9,4063.07,4067.98,1.0
35,30.1823459624,-3.78709315827,3.25653741058,-7.04363056886,7.97344915185,43.4347772366,4067.98,4069.71,4028.52,4032.73,-1.0
36,29.5767021543,-5.85423886201,1.43438215607,-7.28862101807,13.8177680241,40.0590471473,4034.69,4045.0,4022.0,4039.0,1.0
37,27.7990512464,-5.49414801608,0.0486761216374,-5.54282413772,33.3089490368,38.1646812628,4039.0,4069.0,4036.0,4062.98,1.0
38,25.8771365818,-6.18086717649,-1.19723253799,-4.9836346385,22.7993172397,37.5883615136,4063.0,4075.0,4045.61,4050.05,-1.0
39,24.463294982,-6.79124979873,-2.31603599014,-4.4752138086,21.3443875478,35.5893252917,4050.0,4050.96,4037.12,4048.26,-1.0
40,22.8426383049,-6.61372906347,-3.1755746048,-3.43815445867,32.8529411765,31.6065504203,4048.29,4063.0,4047.29,4055.51,1.0
41,21.2365857959,-7.22491676019,-3.98544303588,-3.23947372431,37.056,29.9907364641,4055.51,4059.0,4045.16,4045.16,-1.0
42,19.9452406201,-7.91977986434,-4.77231040157,-3.14746946277,31.072,30.415657549,4045.95,4050.94,4040.0,4041.42,-1.0
43,18.7461343854,-8.40743865119,-5.4993360515,-2.90810259969,30.4,30.1737475737,4040.99,4044.13,4040.0,4041.0,1.0
44,17.864805762,-8.63466489557,-6.12640182031,-2.50826307526,34.011026878,29.9429565504,4041.26,4044.9,4035.59,4041.74,1.0
45,17.5802573663,-10.0416978233,-6.9094610209,-3.13223680237,5.84905660377,29.1412600179,4041.74,4046.25,4025.0,4025.1,-1.0
46,17.5560458869,-10.9012056974,-7.70780995621,-3.19339574121,12.2,27.1591715253,4025.02,4035.07,4020.0,4026.71,1.0
47,18.0750878092,-12.7690115168,-8.72005026833,-4.04896124847,3.25373134328,25.2198158633,4026.71,4029.96,4008.0,4010.18,-1.0
48,19.3949784964,-13.6888136657,-9.7138029478,-3.97501071789,33.1433679741,23.0570296842,4010.15,4019.88,3985.51,4015.17,1.0
49,21.4560864529,-16.2613217463,-11.0233067075,-5.23801503877,29.0128611993,22.7915710697,4015.93,4015.93,3955.26,3990.0,-1.0
50,23.3699724125,-17.6048956356,-12.3396244931,-5.26527114252,34.1072323367,24.2943862159,3991.86,4002.88,3971.93,3996.1,1.0
51,24.1247270958,-17.7732809263,-13.4263557798,-4.34692514658,41.2644062135,25.7436336668,3996.95,4018.0,3996.95,4004.67,1.0
52,24.5694514962,-17.7888160581,-14.2988478354,-3.48996822265,44.8579914609,26.311880608,4004.58,4022.0,3993.8,4003.59,-1.0
53,25.369318073,-17.9644197532,-15.031962219,-2.93245753424,40.5977352887,27.8875001953,4003.65,4007.26,3982.1,3999.0,-1.0
54,26.3336620301,-18.7747711411,-15.7805240034,-2.9942471377,31.5596684018,29.2627393196,3999.02,3999.82,3975.01,3988.0,-1.0
55,26.2421777865,-18.0757043238,-16.2395600675,-1.83614425628,48.8921404682,29.1703626929,3987.05,4014.88,3983.0,4002.04,1.0
56,26.1572281318,-16.8577379646,-16.3631956469,-0.494542317682,57.8085503902,30.0158012977,4002.04,4009.88,3996.0,4007.86,1.0
57,26.3875443076,-16.8194140312,-16.4544393238,-0.36497470741,42.5431366084,31.925554897,4007.96,4009.9,3988.0,3993.97,-1.0
58,26.6014093279,-16.0281412739,-16.3691797138,0.341038439919,50.390152764,32.7929217976,3994.0,4004.99,3988.95,4001.11,1.0
59,26.7999982754,-15.2367094409,-16.1426856592,0.905976218272,57.273524621,33.9628593609,4002.0,4004.26,3995.11,4000.97,-1.0
60,27.4073587788,-15.7201550483,-16.058179537,0.33802448873,39.7590361446,37.6360356479,4000.86,4002.69,3984.96,3984.96,-1.0
61,29.1833396208,-18.3839354524,-16.5233307201,-1.86060473228,11.7792207792,39.6045382296,3984.99,3986.23,3945.0,3954.07,-1.0
62,31.1920110184,-20.8381914903,-17.3863028741,-3.45188861616,19.7694278395,40.2135017607,3954.05,3962.9,3928.32,3946.84,-1.0
63,33.5502150054,-26.0941676854,-19.1278758364,-6.96629184898,1.70491803279,39.2582203226,3946.83,3957.0,3900.0,3902.08,-1.0
64,35.9505433432,-27.7608821666,-20.8544771024,-6.90640506415,31.9765739385,37.3076529535,3902.91,3938.02,3885.4,3929.08,1.0
65,38.0375090995,-29.2728563935,-22.5381529606,-6.73470343289,27.1815519766,37.1554630679,3929.08,3940.0,3915.0,3922.53,-1.0
66,40.1669180309,-30.7915500882,-24.1888323862,-6.60271770207,22.2119246216,36.1495449082,3922.53,3930.0,3902.1,3914.16,-1.0
67,42.3149762569,-33.5769477113,-26.0664554512,-7.5104922601,3.36731541551,34.5319687054,3914.22,3924.78,3889.6,3889.76,-1.0
68,45.0274714121,-41.5365960175,-29.1604835644,-12.3761124531,1.23975009762,31.8726530001,3889.76,3892.7,3810.0,3812.54,-1.0
69,47.7100775092,-48.0054190949,-32.9294706705,-15.0759484243,9.84566956674,29.7069445498,3812.54,3850.0,3781.17,3803.69,-1.0
70,50.5255622587,-54.2687372427,-37.197323985,-17.0714132577,26.4117457244,26.917910914,3803.72,3858.66,3700.0,3781.85,-1.0
71,53.1399409545,-61.1548271051,-41.988824609,-19.1660024961,16.1611856126,24.6752820093,3781.68,3789.0,3700.0,3749.29,-1.0
72,53.9550813854,-61.9712812467,-45.9853159365,-15.9859653102,32.1928613686,22.7908569382,3749.0,3825.81,3745.03,3797.95,1.0
73,54.7119974997,-64.612989976,-49.7108507444,-14.9021392316,21.143744425,21.4910504099,3797.9,3798.93,3760.18,3764.0,-1.0
74,55.8067644153,-65.7102490661,-52.9107304088,-12.7995186574,23.3937742375,18.9103518245,3764.0,3790.0,3712.0,3766.96,1.0
75,56.823333694,-67.0144805577,-55.7314804386,-11.2830001191,19.7793837961,17.7414045454,3765.1,3784.14,3743.12,3752.0,-1.0
76,56.8525559221,-64.8220182726,-57.5495880054,-7.27243026724,32.186770428,18.3128447609,3752.13,3806.0,3752.02,3782.72,1.0
77,56.4778980182,-61.3125732541,-58.3021850551,-3.01038819902,39.9666666667,19.199797803,3782.72,3816.0,3776.02,3795.92,1.0
78,56.1300013932,-57.0107280316,-58.0438936504,1.03316561879,44.425,21.9327798482,3795.92,3810.91,3786.0,3806.62,1.0
79,54.4650487268,-50.4857982644,-56.5322745732,6.04647630885,60.0086956522,22.8219531384,3805.75,3845.0,3797.0,3838.02,1.0
80,52.3928396448,-45.5984510306,-54.3455098647,8.74705883411,56.9401192277,25.1667491152,3838.08,3860.0,3827.99,3827.99,-1.0
81,50.726107945,-38.4289516191,-51.1621982156,12.7332465964,84.769071095,27.6473344442,3827.99,3867.0,3815.23,3863.35,1.0
82,49.0669354464,-33.6981022043,-47.6693790133,13.971276809,86.3235294118,33.4617455642,3863.35,3870.0,3840.0,3846.75,-1.0
83,47.700110521,-28.3025010706,-43.7960034248,15.4935023541,95.9470588235,39.5391583723,3847.25,3866.0,3832.0,3863.11,1.0
84,46.605527082,-26.6276283754,-40.3623284149,13.7347000395,74.7470588235,45.6892576049,3863.13,3865.22,3824.0,3827.07,-1.0
85,45.6117074216,-25.1084816384,-37.3115590596,12.2030774212,72.0632911392,49.1417799692,3828.6,3838.36,3823.0,3825.86,-1.0
86,44.5645643272,-23.3178284212,-34.5128129319,11.1949845107,74.5569620253,53.1347875068,3825.0,3841.0,3824.99,3829.8,1.0
87,44.7752374434,-25.6928114741,-32.7488126403,7.05600116623,42.4746835443,56.1607946965,3828.85,3829.0,3766.01,3779.11,-1.0
88,44.9710266687,-28.1749456441,-31.8340392411,3.65909359699,19.3332282472,57.6844332051,3778.93,3810.0,3766.0,3767.65,-1.0
89,45.4454349506,-28.7487550862,-31.2169824101,2.46822732393,26.8634686347,57.3943942057,3768.85,3781.0,3748.05,3780.81,1.0
90,45.686838224,-29.5846598618,-30.8905179004,1.30585803868,19.524395244,57.9004002656,3779.03,3785.0,3761.1,3771.86,-1.0
91,45.966069521,-29.7245321519,-30.6573207507,0.93278859884,21.3530135301,56.9959448954,3771.5,3780.93,3758.01,3774.09,1.0
92,45.7406259735,-28.2341810156,-30.1726928037,1.93851178807,34.3173431734,55.6663982427,3774.09,3789.98,3774.0,3789.9,1.0
93,44.1620968851,-24.7337158119,-29.0848974053,4.35118159348,54.9897498975,54.9444227551,3788.83,3818.7,3780.0,3815.11,1.0
94,42.3833366775,-22.2804884777,-27.7240156198,5.44352714211,49.1184911849,54.5859266298,3815.11,3826.0,3799.01,3807.95,-1.0
95,40.565690244,-18.8241936891,-25.9440512337,7.11985754458,62.2796227962,54.0272389125,3807.96,3829.8,3805.39,3824.0,1.0
96,39.0493213303,-17.809897844,-24.3172205557,6.50732271173,44.111911827,52.4208497483,3824.0,3835.0,3800.0,3800.08,-1.0
97,37.8944198509,-16.9973310384,-22.8532426523,5.85591161389,42.4255355466,49.4057342065,3803.01,3811.46,3792.04,3797.76,-1.0
98,36.1681819686,-15.0111054096,-21.2848152037,6.27370979413,69.0693921463,45.5827682581,3797.03,3825.0,3790.0,3812.25,1.0
99,35.1887617663,-15.4313433881,-20.1141208406,4.68277745252,40.107584723,45.1772206383,3812.73,3824.91,3771.0,3785.33,-1.0
100,34.2793001499,-15.7785800563,-19.2470126837,3.46843262747,40.080506038,42.89467018,3784.97,3795.0,3772.08,3782.9,-1.0
101,33.505051399,-15.4687674167,-18.4913636303,3.0225962136,45.8769407706,40.4320661809,3783.51,3793.68,3770.0,3787.94,1.0
102,32.7029418498,-15.1127744095,-17.8156457862,2.70287137667,44.9683726279,40.6750845542,3787.89,3795.13,3780.0,3787.15,-1.0
103,32.7079384312,-16.4190160772,-17.5363198444,1.11730376715,9.58726872817,42.5061662957,3787.17,3790.0,3757.71,3765.12,-1.0
104,33.4478850217,-19.4187323004,-17.9128023356,-1.50592996478,7.61904761905,41.2721520167,3765.59,3766.24,3730.0,3738.0,-1.0
105,35.210096208,-27.0032537595,-19.7308926204,-7.27236113913,0.0,40.4217700435,3738.0,3738.9,3669.61,3669.61,-1.0
106,36.8582355089,-28.7776423242,-21.5402425611,-7.2373997631,29.6155928533,38.8965547913,3669.59,3728.0,3668.77,3718.0,1.0
107,38.388650574,-30.8753240508,-23.4072588591,-7.4680651917,21.8071346929,38.5607154828,3717.0,3725.0,3695.0,3705.02,-1.0
108,40.0315943511,-34.0862675795,-25.5430606031,-8.54320697635,7.33321301811,36.1905286824,3705.0,3719.8,3680.23,3680.96,-1.0
109,41.9348603237,-38.1567644458,-28.0658013717,-10.0909630742,3.04347826087,33.2058659562,3680.8,3687.9,3651.0,3656.6,-1.0
110,44.1503025479,-44.1498116836,-31.2826034341,-12.8672082496,4.98704368778,28.9747127751,3656.02,3656.58,3605.03,3616.0,-1.0
111,46.4783092114,-51.5146229191,-35.3290073311,-16.185615588,3.17596232437,26.1800793366,3615.99,3633.02,3568.07,3576.23,-1.0
112,48.9223008807,-54.3205049649,-39.1273068579,-15.1931981071,28.694292416,23.3765383922,3578.0,3612.95,3517.95,3606.03,1.0
113,50.4395580577,-55.4267600725,-42.3871975008,-13.0395625717,33.9165884984,20.4926026971,3605.93,3629.9,3581.92,3611.96,1.0
114,51.848439722,-56.6996749279,-45.2496929862,-11.4499819417,29.2228876542,20.0503886811,3611.93,3616.0,3588.81,3598.95,-1.0
115,53.1566869817,-57.2039851432,-47.6405514176,-9.56343372558,28.5301969839,19.2748445108,3598.95,3607.23,3592.71,3597.03,-1.0
116,54.2291201198,-56.8283423187,-49.4781095978,-7.35023272091,29.6158794339,18.0357913832,3597.92,3609.99,3596.0,3598.52,1.0
117,55.2259894905,-55.8082421877,-50.7441361158,-5.06410607189,32.844657457,16.9391847265,3597.95,3609.0,3595.9,3599.5,1.0
118,54.5619664782,-51.8929131142,-50.9738915155,-0.91902159873,50.9798596968,18.6004267786,3599.52,3640.0,3599.5,3630.59,1.0
119,52.5185274957,-46.9608129784,-50.1712758081,3.21046282965,61.22351821,21.6976276413,3631.11,3674.5,3630.0,3646.55,1.0
120,50.7618361336,-44.2231184221,-48.9816443309,4.75852590875,52.0502294132,26.0707360848,3646.55,3669.0,3623.6,3625.72,-1.0
121,49.8895157017,-40.1032367222,-47.2059628092,7.10272608692,62.5266286847,27.6732101248,3625.64,3645.96,3585.0,3644.16,1.0
122,48.656769692,-38.5076230061,-45.4662948485,6.95867184244,58.852603707,30.5817454099,3644.16,3656.81,3610.0,3617.97,-1.0
123,47.5120769688,-36.1629384934,-43.6056235775,7.44268508412,69.1408495688,34.2617018877,3617.97,3648.0,3611.51,3626.19,1.0
124,46.035474686,-31.7974684223,-41.2439925465,9.44652412421,86.087511977,38.9829426954,3626.22,3658.0,3626.22,3652.72,1.0
125,44.3756189434,-28.6307044814,-38.7213349334,10.0906304521,81.1561801341,44.7758332875,3652.65,3665.0,3636.7,3645.0,-1.0
126,43.3301251952,-27.4770210008,-36.4724721469,8.99545114609,45.7442212141,50.3458488454,3645.0,3645.0,3616.55,3624.27,-1.0
127,42.8357769839,-27.8793827069,-34.7538542589,6.87447155198,21.1955307263,51.5637009024,3624.27,3631.97,3594.72,3603.97,-1.0
128,43.2064728257,-31.7713825313,-34.1573599134,2.38597738208,6.39215686275,50.6550539186,3603.4,3608.28,3547.0,3555.15,-1.0
129,43.550690393,-32.6733039603,-33.8605487228,1.18724476247,23.9450980392,49.0242874335,3555.17,3588.0,3555.15,3577.53,1.0
130,44.1596748711,-36.1569939237,-34.319837763,-1.8371561607,1.40183539273,48.6967803661,3576.3,3577.81,3536.11,3538.05,-1.0
131,44.2581686866,-35.4007168987,-34.5360135901,-0.864703308555,31.6057833345,46.681491506,3538.06,3588.0,3531.33,3576.58,1.0
132,44.3496272296,-35.3045942506,-34.6897297222,-0.614864528393,23.7270377872,46.5930004972,3576.98,3586.04,3562.02,3565.3,-1.0
133,45.0581944329,-37.9444458027,-35.3406729383,-2.60377286438,2.20547945205,44.6463703608,3565.3,3565.3,3523.0,3526.22,-1.0
134,45.9214796898,-39.114421283,-36.0954226072,-3.0189986758,15.4110460677,40.4307961638,3526.29,3544.2,3507.84,3532.06,1.0
135,46.9133454705,-39.3053203485,-36.7374021555,-2.567918193,24.75,37.8137116392,3532.7,3539.9,3493.0,3535.57,1.0
136,47.3356436826,-38.1869042847,-37.0273025813,-1.15960170335,30.726744186,35.1153810188,3537.98,3550.03,3520.01,3545.85,1.0
137,47.3381030207,-36.2077816787,-36.8633984008,0.655616722074,35.5930232558,33.106391053,3545.97,3558.0,3521.6,3554.22,1.0
138,46.3321809052,-33.628722296,-36.2164631798,2.58774088387,40.0813953488,30.710117745,3555.86,3579.96,3545.26,3561.94,1.0
139,45.3981103693,-30.2883342064,-35.0308373852,4.74250317876,53.0789473684,27.4239665572,3561.94,3576.67,3558.33,3573.68,1.0
140,44.0646343382,-27.3547727777,-33.4956244637,6.14085168594,57.7966467583,25.4184499311,3573.68,3586.85,3561.42,3573.32,-1.0
141,42.7727959992,-24.5986802307,-31.7162356171,7.11755538634,71.261276891,26.27933747,3573.32,3588.0,3567.95,3575.15,1.0
142,39.9358172224,-17.2434660674,-28.8216817071,11.5782156398,96.4899328859,29.855462196,3575.15,3642.0,3573.67,3636.77,1.0
143,38.7189554665,-6.62483997278,-24.3823133603,17.7574733875,98.6243902439,36.2910176263,3636.66,3698.0,3622.0,3695.18,1.0
144,37.7973927291,0.283939331777,-19.4490628219,19.7330021536,85.376064003,41.6252527837,3695.21,3707.99,3656.08,3676.55,-1.0
145,36.9416559015,5.24125714211,-14.5109988291,19.7522559712,82.738732034,47.6234119702,3678.0,3700.0,3663.1,3670.88,-1.0
146,36.0263084531,9.40290206882,-9.72821864949,19.1311207183,84.7062654077,51.2757654487,3672.94,3685.94,3660.0,3675.11,1.0
147,34.823137392,12.7246135975,-5.23765220009,17.9622657976,85.6877064049,55.6314245645,3675.11,3681.25,3651.11,3677.22,1.0
148,34.8415743702,18.7933663496,-0.431448490146,19.2248148398,96.0209205021,61.5944407754,3676.53,3732.0,3671.0,3722.49,1.0
149,35.2808181554,24.3454277213,4.52392675213,19.8215009691,91.1772184083,67.3522889493,3722.47,3755.99,3718.0,3735.17,1.0
150,35.6888596209,29.1230777677,9.44375695525,19.6793208125,94.8848122867,72.0970902642,3735.17,3756.0,3725.93,3744.01,1.0
151,35.3008708179,31.6760163766,13.8902088395,17.7858075371,83.632885488,76.6798094142,3744.05,3770.04,3707.2,3733.25,-1.0
152,34.9405955008,33.5353726499,17.8192416016,15.7161310483,83.9261253602,80.1112281451,3733.53,3747.0,3716.16,3736.01,1.0
153,34.8937740833,35.4204481045,21.3394829022,14.0809652023,88.5581439939,83.2429945745,3736.04,3760.0,3726.0,3746.17,1.0
154,34.8502970528,36.4801459893,24.3676155196,12.1125304697,88.1043099609,85.7772229049,3746.17,3760.0,3740.09,3746.0,-1.0
155,34.8811436824,37.3764888223,26.9693901801,10.4070986422,90.8336303916,87.9420559908,3746.08,3762.99,3745.67,3752.04,1.0
156,35.4065056871,37.976683477,29.1708488395,8.80583463748,82.2598454177,89.3400812408,3752.05,3785.02,3745.5,3756.1,1.0
157,34.829912414,36.474537597,30.631586591,5.842951006,63.9907400493,88.3236464216,3756.12,3763.0,3723.22,3736.8,-1.0
158,33.4138345812,33.6965653253,31.2445823379,2.4519829874,52.8937345979,85.8498142649,3738.0,3739.77,3702.05,3721.94,-1.0
159,32.3351491056,31.3171675018,31.2590993706,0.0580681311527,54.5889029945,83.5296478788,3721.92,3747.99,3713.0,3724.21,1.0
160,31.3335125925,29.3066744207,30.8686143807,-1.56193995994,56.5603763722,81.5189458046,3724.21,3737.22,3722.83,3726.85,1.0
161,30.7283169036,28.4648730105,30.3878661066,-1.92299309611,60.7174179968,79.5085251592,3727.23,3747.96,3725.11,3740.23,1.0
162,30.2597978813,28.3440898771,29.9791108607,-1.63502098366,59.0574906593,77.72493313,3740.23,3751.05,3735.65,3751.05,1.0
163,30.2914062665,27.6504382497,29.5133763385,-1.86293808883,54.8873086658,75.0846881412,3751.77,3767.0,3745.52,3747.59,-1.0
164,29.5936232232,26.590848647,28.9288708002,-2.33802215318,51.850066289,72.4925517311,3747.6,3751.87,3731.0,3745.07,-1.0
165,29.1389157326,25.9402773214,28.3311521044,-2.39087478309,59.1418585031,69.4186413027,3745.07,3757.97,3740.52,3751.12,1.0
166,29.0569875601,25.672618564,27.7994453963,-2.1268268324,67.265276606,67.6692822323,3751.92,3768.98,3751.19,3757.86,1.0
167,27.3380601507,22.0480697533,26.6491702677,-4.60110051445,20.0915993733,66.479221607,3757.95,3759.89,3715.1,3718.72,-1.0
168,25.6611592978,19.0647557876,25.1322873717,-6.06753158408,21.7186935037,61.5887541341,3718.72,3735.0,3713.07,3720.07,1.0
169,24.2626881062,17.5399969167,23.6138292807,-6.07383236403,37.27853441,56.8469243872,3720.08,3739.14,3714.0,3732.98,1.0
170,23.2666970058,16.7677214831,22.2446077212,-5.47688623807,57.8664276109,53.0215603885,3732.9,3747.0,3731.0,3740.78,1.0
171,22.1387880222,15.4698108559,20.8896483481,-5.41983749225,48.4685492305,51.2791734023,3740.75,3741.97,3726.72,3734.49,-1.0
172,20.9106353236,13.7349827479,19.4587152281,-5.72373248022,26.2593783494,50.1704454866,3734.49,3738.02,3723.0,3727.7,-1.0
173,19.4765410639,12.3708298684,18.0411381561,-5.67030828776,29.5653729208,48.2679914689,3728.22,3730.0,3717.02,3729.6,1.0
174,18.6138673785,11.788877272,16.7906859793,-5.00180870731,43.6415668038,46.4805964636,3729.47,3740.05,3728.0,3737.47,1.0
175,17.7867770498,10.7430867504,15.5811661335,-4.83807938315,33.4287247362,45.5578243516,3737.57,3739.64,3727.52,3731.76,-1.0
176,17.7455463678,11.1765775183,14.7002484105,-3.52367089216,64.2639957074,43.6086319758,3730.45,3755.78,3730.0,3749.0,1.0
177,18.0278908498,12.4234825072,14.2448952298,-1.82141272259,87.4619924879,43.9805251936,3748.07,3763.63,3740.08,3761.97,1.0
178,18.4228748092,12.0438954472,13.8046952733,-1.76079982611,60.2217850116,46.3072883237,3760.57,3766.9,3743.0,3746.74,-1.0
179,18.7896456286,12.1277643267,13.469309084,-1.3415447573,71.8476122339,46.9052682325,3747.67,3757.02,3744.53,3753.24,1.0
180,17.8055422558,10.3593110063,12.8473094684,-2.48799846213,35.1291101616,47.8128220704,3754.08,3754.38,3723.56,3731.98,-1.0
181,16.8917319811,9.29924859285,12.1376972933,-2.83844870047,45.4579230912,45.5173816101,3731.98,3743.88,3727.96,3737.54,1.0
182,16.471649095,8.80388062113,11.4709339589,-2.66705333776,54.9527410208,47.3292618756,3736.24,3752.0,3733.97,3743.07,1.0
183,16.0176739605,9.03099824305,10.9829468157,-1.95194857267,70.208500401,49.7031224126,3742.12,3752.45,3733.0,3752.04,1.0
184,15.793762823,8.7653952603,10.5394365046,-1.77404124434,61.6479550922,52.0552628405,3752.04,3756.0,3744.0,3747.77,-1.0
185,15.809912999,9.15701235062,10.2629516738,-1.10593932321,79.2301523657,52.3253719463,3747.81,3760.0,3746.0,3756.54,1.0
186,15.8613239984,8.99093443163,10.0085482254,-1.01761379376,69.9679230152,54.5226293131,3756.54,3760.63,3750.14,3751.92,-1.0
187,16.1105163661,9.46513623947,9.89986582821,-0.434729588736,85.8790955238,57.6446682178,3751.92,3764.0,3751.81,3760.78,1.0
188,17.7701174982,12.0613326845,10.3321591995,1.72917348502,93.6452021981,61.6670769752,3760.78,3794.53,3760.78,3790.02,1.0
189,19.5647960827,14.2275682732,11.1112410142,3.11632725899,89.4467213115,65.2387652176,3790.02,3801.64,3777.03,3793.4,1.0
190,21.4535528191,15.9668403923,12.0823608898,3.88447950247,85.59943249,69.2400506873,3793.4,3808.14,3790.0,3795.96,1.0
191,21.7196242926,16.8316622475,13.0322211614,3.79944108616,80.9174745803,70.7640104575,3795.94,3805.0,3771.57,3792.0,-1.0
192,23.3030896895,20.8337686897,14.592530667,6.24123802265,92.6548089592,70.2965448926,3794.44,3845.0,3792.14,3836.08,1.0
193,24.7734504151,22.6398205325,16.2019886401,6.43783189238,81.3817523057,72.6131894603,3835.8,3839.8,3815.0,3822.39,-1.0
194,25.1966202342,23.2886666141,17.6193242349,5.6693423792,75.2392344498,73.2941994654,3822.36,3823.78,3801.08,3816.02,-1.0
195,25.9179968384,24.6986894232,19.0351972726,5.66349215063,87.1875,76.1592083432,3816.02,3833.8,3814.0,3830.65,1.0
196,26.7774757764,24.9116851919,20.2104948564,4.70119033545,80.3571428571,79.1398924081,3830.65,3839.8,3819.97,3823.0,-1.0
197,27.5755633617,25.6721612478,21.3028281347,4.36933311307,89.1089108911,80.9544925392,3823.98,3835.02,3823.0,3834.0,1.0
198,27.7509285159,24.6464127303,21.9715450538,2.67486767651,72.0606060606,82.30452186,3834.02,3837.75,3815.32,3817.34,-1.0
199,27.9137675877,24.1729469377,22.4118254306,1.76112150709,78.9162977019,83.0482826434,3819.88,3827.98,3817.45,3825.0,1.0
200,26.8444694569,21.7204828901,22.2735569225,-0.553074032448,54.2440175985,83.0258644532,3825.0,3826.02,3800.0,3802.36,-1.0
201,25.0289888251,18.9659827628,21.6120420906,-2.64605932776,40.6554262645,81.902728352,3801.67,3806.21,3786.0,3795.02,-1.0
202,23.4939575263,17.1453802954,20.7187097315,-3.5733294361,41.3863543511,78.672466262,3795.02,3809.0,3789.52,3801.96,1.0
203,22.5029273537,16.3524253105,19.8454528473,-3.49302753682,55.5358845159,74.9396914158,3801.79,3817.14,3798.3,3812.35,1.0
204,20.9538618693,14.1839001763,18.7131423131,-4.52924213679,32.302873485,72.5174887875,3813.12,3815.97,3787.83,3795.29,-1.0
205,19.5154439195,12.4796266362,17.4664391777,-4.98681254158,19.0677966102,68.7105917157,3796.72,3802.0,3791.44,3797.25,1.0
206,18.675693973,10.2650576046,16.0261628631,-5.76110525855,11.9367454515,64.292757575,3797.25,3798.0,3780.99,3788.01,-1.0
207,17.8959261655,8.41221796321,14.5033738831,-6.09115591991,11.9197415406,58.5271816102,3787.53,3796.0,3785.01,3788.0,1.0
208,17.9414253166,6.21694795404,12.8460886973,-6.62914074327,12.9069767442,53.5656094127,3788.5,3790.73,3771.0,3779.88,-1.0
209,18.0096807293,4.70456321233,11.2177836003,-6.51322038799,18.5714285714,49.1133052909,3779.81,3784.8,3770.5,3783.37,1.0
210,17.1622536521,4.5238109137,9.87898906299,-5.35517814929,38.8550185874,44.2121573317,3783.33,3797.28,3781.12,3796.63,1.0
211,16.4064144557,5.30705272059,8.96460179451,-3.65754907391,57.0557620818,41.2477198838,3797.01,3812.0,3785.04,3808.87,1.0
212,15.7045637734,4.47857205397,8.0673958464,-3.58882379243,36.6214335421,38.9582092546,3808.87,3808.87,3790.0,3791.55,-1.0
213,14.7602173308,3.83747099546,7.22141087621,-3.38393988075,39.2471181556,36.426839789,3790.96,3796.37,3780.16,3792.29,1.0
214,13.8865643116,2.95561152232,6.36825100543,-3.41263948312,37.6929674099,33.5933269643,3793.18,3793.75,3780.11,3788.08,-1.0
215,12.8971594574,2.45278017986,5.58515684032,-3.13237666046,43.653516295,32.4111090936,3788.09,3796.31,3782.0,3790.86,1.0
216,12.1199586911,1.39110000922,4.7463454741,-3.35524546488,26.4579759863,32.6252583815,3790.8,3795.0,3780.01,3782.84,-1.0
217,11.9695845743,0.316893607611,3.8604551008,-3.54356149319,20.8928964152,31.5589456412,3782.84,3789.26,3772.0,3780.0,-1.0
218,11.8299514657,-0.992605921939,2.88984289625,-3.88244881819,8.86746987952,29.0844464911,3780.02,3782.0,3772.3,3774.18,-1.0
219,12.2108083758,-1.54298183914,2.00327794917,-3.54625978832,31.914893617,27.4104890908,3775.66,3780.0,3765.0,3780.0,1.0
220,13.0544361387,0.202825995972,1.64318755853,-1.44036156256,68.6745021221,28.328138877,3779.36,3826.26,3777.62,3807.07,1.0
221,13.8378047757,1.9615891033,1.70686786749,0.254721235816,76.7221678093,32.380835782,3807.01,3824.0,3796.84,3812.0,1.0
222,14.56521851,3.23741103522,2.01297650103,1.22443453419,75.0897812602,37.0095805155,3812.03,3815.0,3808.0,3811.0,-1.0
223,15.578748432,4.03656028632,2.41769325809,1.61886702823,71.7433888345,41.4512094095,3811.06,3822.0,3803.98,3808.95,-1.0
224,16.5198833596,5.2516594399,2.98448649445,2.26717294545,84.7371857656,45.2492065711,3808.52,3819.18,3804.28,3816.91,1.0
225,17.0047248702,5.27349884012,3.44228896359,1.83120987653,66.9278485145,48.5265042267,3816.91,3820.0,3800.0,3806.0,-1.0
226,16.7637527634,4.75427331219,3.70468583331,1.04958747888,57.1825008162,49.2316532576,3805.98,3812.96,3792.0,3800.03,-1.0
227,16.5399929499,4.37864905741,3.83947847813,0.539170579284,58.9291544238,50.7003009201,3800.04,3806.45,3795.0,3801.1,1.0
228,16.6986043838,4.8218078429,4.03594435108,0.785863491816,75.0408096637,52.1061606535,3801.12,3812.0,3801.05,3810.97,1.0
229,17.1009757209,4.79736748574,4.18822897801,0.609138507725,68.5602350637,54.7738636716,3809.02,3815.99,3807.0,3807.0,-1.0
230,16.9495810407,2.81938865907,3.91446091422,-1.09507225516,29.5951681358,56.5529150123,3806.9,3809.99,3770.01,3783.13,-1.0
231,16.8095394926,0.499668624962,3.23150245637,-2.73183383141,14.4955925563,56.7770001658,3783.13,3798.2,3770.0,3773.88,-1.0
232,16.793452365,-0.687686599763,2.44766464514,-3.13535124491,27.5057133529,56.3200498902,3773.93,3792.0,3768.0,3781.85,1.0
233,16.7785143179,-1.69945850974,1.61824001417,-3.3176985239,21.8503261243,57.6513529954,3783.31,3792.0,3780.0,3780.73,-1.0
234,16.9261306551,-2.05239139066,0.884113733203,-2.93650512386,32.1428571429,56.9324553174,3780.73,3789.16,3777.44,3786.0,1.0
235,17.0632029682,-2.74266767753,0.158757451057,-2.90142512858,23.1851851852,54.3230521045,3785.96,3787.94,3780.0,3780.52,-1.0
236,17.3294248231,-3.30009020795,-0.533012080745,-2.76707812721,22.0740740741,50.4989819171,3780.52,3783.52,3778.0,3779.92,-1.0
237,18.5424890266,-5.12473646161,-1.45135695692,-3.67337950469,0.0,46.7121456895,3779.16,3783.41,3762.05,3762.05,-1.0
238,20.2411057533,-7.20507484882,-2.6021005353,-4.60297431352,4.51428571429,41.5876179156,3762.05,3762.95,3750.0,3753.16,-1.0
239,21.0882208576,-8.36357273226,-3.75439497469,-4.60917775757,20.6055624058,35.8574107691,3754.88,3770.05,3743.0,3758.04,1.0
240,22.2587166267,-10.5352326383,-5.11056250741,-5.42467013088,7.28239366963,32.5486760471,3759.97,3759.97,3735.11,3741.0,-1.0
241,23.664193355,-12.398211395,-6.56809228493,-5.83011911007,10.7625866576,28.9843826795,3741.15,3759.0,3728.0,3737.47,-1.0
242,24.9692788885,-12.8773176985,-7.82993736763,-5.04738033083,22.7184907376,25.5439135533,3736.5,3757.8,3736.22,3747.99,1.0
243,25.9280907191,-12.706277706,-8.80520543531,-3.90107227072,30.4915233565,21.8066050586,3747.48,3760.0,3740.11,3753.0,1.0
244,26.7619733478,-12.8199497609,-9.60815430043,-3.21179546047,28.603988604,19.0874113652,3752.85,3760.47,3745.21,3748.08,-1.0
245,28.172611743,-13.238354365,-10.3341943133,-2.90416005167,22.0625,19.0166128272,3747.3,3748.24,3732.48,3742.12,-1.0
246,29.9070258269,-14.7857841333,-11.2245122773,-3.56127185597,4.02175468728,19.557106216,3742.11,3746.53,3722.13,3724.94,-1.0
247,31.7761905386,-16.5858982352,-12.2967894689,-4.28910876626,0.620280474649,17.8796805971,3724.94,3727.35,3715.0,3715.46,-1.0
248,34.296650746,-18.9615329505,-13.6297381652,-5.33179478524,14.7047282715,16.363248765,3716.78,3716.8,3686.0,3700.99,-1.0
249,36.3020258792,-20.2086366966,-14.9455178715,-5.26311882512,20.4881050041,15.1176681313,3700.99,3719.91,3699.96,3705.98,1.0
250,38.6370484333,-22.2237904955,-16.4011723963,-5.8226180992,11.4600132815,14.9250195469,3705.84,3709.8,3678.0,3690.08,-1.0
251,40.805283662,-22.5314603893,-17.6272299949,-4.90423039437,26.9853340576,14.1668723475,3689.71,3707.88,3680.26,3702.84,1.0
252,40.92534204,-21.4475953728,-18.3913030705,-3.05629230234,41.5317762086,16.0943962087,3702.7,3727.9,3695.95,3716.23,1.0
253,40.6367232382,-20.0077855124,-18.7145995589,-1.29318595353,51.618770462,18.7385026726,3716.0,3732.75,3710.0,3720.57,1.0
254,40.6623047613,-19.3074468979,-18.8331690267,-0.474277871265,41.6515096399,20.9537318195,3720.57,3725.0,3702.02,3712.35,-1.0
255,40.7245953597,-19.2734215231,-18.921219526,-0.352201997152,30.4838122954,23.4086686745,3712.91,3715.31,3700.97,3703.14,-1.0
256,41.4381009913,-20.5611404286,-19.2492037065,-1.31193672212,7.16624226992,24.8173276486,3703.44,3711.0,3681.11,3683.91,-1.0
257,42.4058546284,-21.0014770021,-19.5996583656,-1.4018186365,20.0419843111,23.7064527581,3683.89,3693.04,3669.96,3688.1,1.0
258,41.6048635252,-20.5630913887,-19.7923449702,-0.770746418493,31.8855390904,22.960057112,3688.1,3714.7,3684.01,3694.92,1.0
259,41.1442783788,-19.2609591687,-19.6860678099,0.425108641238,44.4560532846,23.1944535753,3695.99,3708.0,3676.0,3704.0,1.0
260,40.2884778685,-18.3427534787,-19.4174049437,1.07465146498,47.7942347508,24.7939930956,3702.99,3713.99,3692.0,3699.97,-1.0
261,39.2079840885,-16.9181449925,-18.9175529534,1.99940796096,57.7002707437,27.9205988144,3700.0,3718.0,3699.95,3706.19,1.0
262,38.7847393978,-17.1599686002,-18.5660360828,1.40606748256,26.7399267399,31.9977409765,3707.37,3710.0,3685.32,3686.75,-1.0
263,38.4414491982,-16.2428791921,-18.1014047047,1.85852551259,44.9275362319,32.85739801,3686.75,3703.24,3684.0,3698.17,1.0
264,38.4909142003,-16.9985170724,-17.8808271782,0.882310105837,11.801242236,34.6030716691,3698.15,3700.0,3674.05,3677.37,-1.0
265,39.0844145404,-18.8638343054,-18.0774286036,-0.786405701751,2.61386138614,34.6274451658,3677.37,3684.79,3657.0,3658.98,-1.0
266,39.6355219991,-18.9121160771,-18.2443660983,-0.667749978746,22.4422442244,32.8866256893,3658.25,3678.0,3658.23,3674.0,1.0
267,40.0476082871,-18.8070135782,-18.3568955943,-0.450117983918,23.6617647059,31.5230876904,3675.02,3679.12,3662.07,3673.09,-1.0
268,40.4302598403,-18.7632208674,-18.4381606489,-0.325060218482,21.1803278689,29.5261587079,3673.14,3674.66,3664.0,3669.92,-1.0
269,39.3543715626,-17.8816941468,-18.3268673485,0.445173201724,34.1967213115,28.0639314385,3669.01,3690.9,3669.0,3677.86,1.0
270,38.5882573493,-17.2162051873,-18.1047349163,0.888529728929,29.4918032787,28.3291392254,3677.85,3682.07,3664.0,3674.99,-1.0
271,37.6050068683,-16.1819194762,-17.7201718283,1.53825235202,36.0,29.9238221546,3677.4,3685.31,3674.02,3678.96,1.0
272,35.0072056865,-14.0783404208,-16.9918055468,2.91346512596,58.7868852459,31.0636804181,3678.1,3709.0,3677.62,3692.86,1.0
273,33.6092253591,-9.4259256005,-15.4786295575,6.05270395701,95.4102735157,32.9852051434,3692.86,3731.95,3691.12,3728.51,1.0
274,32.6231679814,-6.11618834128,-13.6061413143,7.48995297298,80.4390243902,36.6247923028,3729.88,3739.0,3716.33,3722.96,-1.0
275,31.7075432736,-3.84905871265,-11.6547247939,7.80566608129,74.3902439024,38.9565629913,3722.94,3732.0,3717.0,3718.0,-1.0
276,30.8573203306,-1.47373995845,-9.61852782684,8.1447878684,82.8780487805,40.1487039313,3717.97,3726.0,3717.0,3724.96,1.0
277,30.8391176749,1.42195125876,-7.41043200972,8.83238326848,93.8604651163,44.1585697913,3724.46,3743.0,3723.23,3737.72,1.0
278,29.9409898566,2.01758453425,-5.52482870093,7.54241323518,69.7093023256,47.6537789973,3737.72,3737.72,3711.0,3716.95,-1.0
279,28.9093796847,3.26535892918,-3.76679117491,7.03215010409,81.1607880146,51.7900690037,3716.15,3728.44,3708.12,3727.03,1.0
280,27.9808816965,3.96244303998,-2.22094433193,6.18338737191,76.4982083282,57.4005637629,3727.82,3729.0,3710.0,3723.98,-1.0
281,27.174494042,4.56155517192,-0.864444431159,5.42599960308,77.4810126582,61.261704056,3723.98,3730.0,3718.14,3725.21,1.0
282,26.8666037094,5.70967373487,0.450379202046,5.25929453282,89.0759493671,65.1059360526,3725.84,3738.0,3724.28,3734.37,1.0
283,26.7418141938,6.21307518749,1.60291839914,4.61015678836,83.8227848101,69.9556233025,3734.37,3741.02,3726.6,3730.22,-1.0
284,26.5428478411,6.51433757701,2.58520223471,3.9291353423,81.0669759351,73.5003421238,3731.05,3737.0,3725.7,3729.94,-1.0
285,26.0998987931,6.32513474741,3.33318873725,2.99194601016,73.2945855002,77.1842830279,3728.92,3733.62,3723.0,3725.54,-1.0
286,25.2511353965,6.06174068152,3.8788991261,2.18284155541,65.3045489591,79.8481819921,3725.45,3727.38,3718.39,3725.0,1.0
287,25.3702954249,6.81296481016,4.46571226291,2.34725254724,85.2924311927,80.3137294002,3726.29,3742.0,3721.62,3737.87,1.0
288,25.4809440227,6.69448838889,4.91146748811,1.78302090078,62.6720183486,79.5910263772,3735.6,3741.9,3725.0,3729.98,-1.0
289,26.8085285836,9.47534602591,5.82424319567,3.65110283024,98.2631930528,78.321954517,3729.98,3768.0,3728.94,3766.96,1.0
290,28.4521599245,11.5668402313,6.97276260279,4.59407762848,82.4037925265,80.0271651706,3766.96,3779.84,3759.94,3767.22,1.0
291,30.2033822815,13.0920070277,8.19661148777,4.89539553992,75.2155172414,79.9932897239,3767.22,3787.0,3761.09,3767.45,1.0
292,31.5393049431,13.8936390531,9.33601700083,4.55762205224,71.3362068966,78.6615077329,3767.45,3775.0,3758.2,3764.39,-1.0
293,32.95189574,15.5312295111,10.5750595029,4.95617000821,89.6493506494,78.7777152022,3764.34,3780.0,3760.66,3779.03,1.0
294,34.3328169424,15.914512867,11.6429501757,4.27156269127,75.2686610514,79.3840411047,3779.95,3782.0,3764.0,3769.97,-1.0
295,35.6151009161,16.6173757484,12.6378352902,3.97954045819,85.8475440898,79.2962162992,3769.97,3780.08,3764.0,3777.29,1.0
296,36.9889705842,16.7824406755,13.4667563673,3.31568430824,82.2620609241,79.8938256872,3777.6,3785.0,3769.0,3774.83,-1.0
297,38.2647067046,16.9662101691,14.1666471277,2.79956304146,86.7512024486,79.4071193698,3773.54,3779.79,3771.0,3777.91,1.0
298,39.5371570775,17.1633377192,14.765985246,2.39735247319,91.254919108,79.6162920583,3777.91,3782.0,3773.4,3781.0,1.0
299,41.2906925265,17.2067471932,15.2541376354,1.95260955777,79.1816938192,80.3440022849,3780.3,3798.8,3779.8,3782.06,1.0
300,40.869755515,15.9230737362,15.3879248556,0.535148880595,60.0932884167,80.764510022,3782.52,3785.98,3761.67,3768.0,-1.0
301,40.4788854329,14.5595908426,15.222258053,-0.662667210344,55.27100271,80.3922771261,3767.96,3774.87,3764.05,3765.79,-1.0
302,40.2959703623,14.1255277113,15.0029119846,-0.877384273323,67.1056398511,78.2478893774,3766.0,3778.5,3765.0,3775.82,1.0
303,40.1261206538,13.2686916089,14.6560679095,-1.38737630061,32.4137931034,78.5645766275,3775.79,3776.9,3770.0,3771.36,-1.0
304,39.075095757,12.5650315103,14.2378606297,-1.67282911936,36.0837438424,73.8610480597,3771.36,3777.84,3762.0,3772.85,1.0
305,38.1095293248,12.0292860597,13.7961457157,-1.76685965595,40.9852216749,70.5524731537,3772.48,3778.0,3772.48,3774.84,1.0
306,36.9061014203,11.3352486148,13.3039662955,-1.96871768066,32.6691137913,68.1074520418,3775.55,3777.96,3769.78,3773.12,-1.0
307,35.7886326519,10.6926238519,12.7816978068,-2.08907395489,31.8610288177,65.34551682,3773.23,3774.99,3772.29,3773.5,1.0
308,35.1366695954,10.3361215578,12.292582557,-1.95646099917,40.9372475088,61.2177795463,3773.5,3780.0,3773.43,3776.87,1.0
309,34.1665127358,9.57765256322,11.7495965582,-2.17194399501,28.7368704552,58.7655357218,3777.5,3781.02,3770.58,3772.34,-1.0
310,33.2656527947,9.03221215363,11.2061196773,-2.17390752368,34.0694855912,54.6862018908,3772.34,3776.64,3771.0,3774.32,1.0
311,32.7218883002,8.89521796203,10.7439393343,-1.84872137223,47.3471586318,51.2438750813,3774.32,3780.0,3771.66,3779.25,1.0
312,32.2169641268,8.49107472972,10.2933664133,-1.80229168362,40.748720711,48.429300523,3779.28,3780.0,3771.89,3776.8,-1.0
313,31.6063295714,7.84553715764,9.80380056221,-1.95826340457,50.2673796791,44.8217149232,3776.92,3778.59,3771.0,3773.89,-1.0
314,30.213968734,5.32785914922,8.90861227961,-3.58075313039,0.28735632184,42.7564067703,3773.89,3774.81,3749.7,3749.79,-1.0
315,30.587287797,1.76856316942,7.48060245757,-5.71203928815,10.103534452,38.4845544778,3749.79,3757.0,3725.0,3730.66,-1.0
316,31.0886654448,-0.563974286777,5.8716871087,-6.43566139548,24.7882073873,35.2583067451,3730.18,3740.09,3722.0,3736.63,1.0
317,30.8507849871,-2.19677173209,4.25799534054,-6.45476707264,28.7868519146,32.2356329977,3736.82,3746.49,3732.02,3738.99,1.0
318,31.2937416299,-4.48085210398,2.51022585164,-6.99107795562,10.3166829905,31.9765657699,3739.59,3739.59,3719.76,3726.08,-1.0
319,33.2811367422,-8.54466604659,0.299247471992,-8.84391351858,22.8673637865,30.1360614234,3726.06,3726.06,3672.0,3696.93,-1.0
320,35.3104137838,-13.8504500068,-2.53069202376,-11.319757983,4.77365554799,28.8419287171,3698.05,3704.0,3663.5,3669.11,-1.0
321,37.1947424653,-17.5958881522,-5.54373124944,-12.0521569027,7.47957794418,26.8493959854,3669.97,3695.0,3666.42,3672.29,1.0
322,38.8636971272,-18.4527882586,-8.12554265128,-10.3272456074,27.501701838,25.1078637801,3672.29,3695.82,3666.01,3695.82,1.0
323,39.9893733629,-19.3653705271,-10.3735082265,-8.99186230068,22.8841201717,24.1481819465,3695.82,3700.0,3683.76,3690.16,-1.0
324,41.3851998954,-21.1487854608,-12.5285636733,-8.62022178751,9.01287553648,23.7301283548,3690.66,3693.08,3671.03,3674.0,-1.0
325,43.0510653269,-22.0370018851,-14.4302513157,-7.60675056944,17.888,21.9403704938,3674.0,3685.0,3655.0,3677.36,1.0
326,42.7274262178,-21.3936728513,-15.8229356228,-5.57073722851,29.1285702727,19.8361448772,3677.39,3707.0,3671.06,3691.0,1.0
327,41.5178093092,-20.2246410117,-16.7032767006,-3.52136431113,34.4545530423,19.0061341316,3691.0,3720.0,3685.43,3696.28,1.0
328,40.3945936084,-19.2728965105,-17.2172006626,-2.05569584791,38.0784313725,17.8766465147,3696.29,3707.99,3688.98,3693.84,-1.0
329,39.20668167,-18.1257132516,-17.3989031804,-0.726810071188,44.9448027107,20.5760090183,3693.83,3709.99,3693.1,3696.12,1.0
330,38.2463881793,-16.658196872,-17.2507619187,0.592565046666,49.9070936714,23.0646710368,3695.68,3703.66,3690.0,3700.66,1.0
331,37.3546870808,-16.0078270947,-17.0021749539,0.994347859227,43.7640383024,24.8588772,3700.66,3700.68,3690.0,3692.02,-1.0
332,36.6076029236,-15.054998043,-16.6127395717,1.55774152876,56.6985645933,25.9286762277,3693.0,3697.3,3688.42,3695.29,1.0
333,36.0932606574,-14.6011861301,-16.2104288834,1.60924275325,53.0307692308,29.2416677707,3696.31,3696.31,3685.0,3689.47,-1.0
334,34.7387057422,-12.8930293765,-15.546948982,2.65391960555,75.9076923077,31.396196731,3689.46,3706.0,3685.28,3704.34,1.0
335,33.3081172458,-11.3168606449,-14.7009313146,3.38407066967,77.6615384615,36.4771993567,3704.34,3708.0,3695.01,3705.48,1.0
336,33.6869055477,-12.6931744804,-14.2993799478,1.60620546736,24.8153846154,41.4901965365,3705.31,3705.48,3660.0,3671.13,-1.0
337,34.1862024839,-13.460905554,-14.131685069,0.670779515015,28.0153846154,41.2983167349,3670.61,3682.0,3655.96,3673.21,1.0
338,34.6498353533,-14.0318526281,-14.1117185808,0.0798659527015,25.6461538462,41.6648356238,3673.21,3675.0,3665.84,3671.67,-1.0
339,34.1151070537,-13.731348454,-14.0356445555,0.304296101477,36.0399750156,42.8529269316,3671.63,3686.0,3670.72,3679.04,1.0
340,33.4508839825,-13.7414793893,-13.9768115222,0.235332132932,28.1698938164,44.1494965756,3677.97,3688.0,3670.0,3674.0,-1.0
341,32.8341054164,-13.3199981632,-13.8454488504,0.525450687192,39.7186748103,44.0810196858,3674.32,3685.0,3674.0,3677.42,1.0
342,31.372066192,-11.5225413831,-13.380867357,1.85832597384,70.2387562465,44.4570283835,3677.69,3695.35,3675.0,3693.91,1.0
343,29.2837638748,-10.0132799015,-12.7073498659,2.6940699644,72.1944657955,46.754194446,3693.91,3705.0,3691.0,3693.53,-1.0
344,27.5916995838,-7.59271002379,-11.6844218974,4.09171187366,90.472854641,48.700598952,3692.92,3713.06,3691.46,3707.62,1.0
345,26.5796163935,-5.27228963503,-10.401995445,5.12970580994,84.6305269534,51.598153307,3707.32,3722.0,3701.4,3711.85,1.0
346,25.5835742053,-3.96697691295,-9.11499173856,5.14801482561,73.7583282859,54.5171882106,3711.62,3717.6,3700.7,3704.67,-1.0
347,24.598967329,-3.17350424565,-7.92669423998,4.75318999433,68.5493640218,55.7357427601,3704.52,3715.0,3700.0,3701.23,-1.0
348,23.959860002,-1.77937603912,-6.69723059981,4.91785456068,82.5257419746,56.8442138166,3701.22,3719.0,3698.95,3710.46,1.0
349,23.3664031984,-0.990707204504,-5.55592592075,4.56521871624,76.3779527559,57.31693165,3710.48,3713.0,3705.76,3706.4,-1.0
350,23.5519999052,0.199283559992,-4.4048840246,4.60416758459,84.4650205761,57.2252469567,3707.07,3724.0,3702.41,3713.43,1.0
351,23.7243397044,1.17241839189,-3.2894235413,4.46184193319,82.7544704264,61.4859352396,3713.43,3718.8,3708.36,3713.97,-1.0
352,23.8972905767,1.91031698222,-2.2494754366,4.15979241881,81.1666666667,65.3958699404,3713.04,3718.99,3712.0,3713.83,1.0
353,23.9360213532,2.42997750761,-1.31358484776,3.74356235536,80.3148148148,69.3616208561,3713.8,3717.5,3711.01,3713.37,-1.0
354,23.9719856458,2.90993971402,-0.468879935402,3.37881964942,81.26,72.5241094132,3713.37,3716.4,3712.83,3714.63,1.0
355,23.6368478969,3.11241791319,0.247379634316,2.86503827887,77.2857142857,76.3162598549,3714.66,3715.8,3710.1,3712.87,-1.0
356,23.1885406825,3.04572797905,0.807049303263,2.23867867579,59.0606060606,78.9996198175,3712.55,3714.01,3709.1,3710.49,-1.0
357,22.3769251459,1.5547802759,0.956595497791,0.598184778113,8.5,78.2011805185,3709.78,3710.27,3690.0,3692.89,-1.0
358,23.2580375579,-0.683253169875,0.628625764258,-1.31187893413,24.9152542373,73.6515758188,3692.89,3695.3,3665.0,3679.7,-1.0
359,24.3231193061,-3.83449586192,-0.263998560979,-3.57049730095,3.25,68.9688900757,3679.78,3687.14,3660.0,3662.08,-1.0
360,25.4101244084,-5.81299659374,-1.37379816753,-4.43919842621,14.6537354145,63.1559952933,3662.18,3674.97,3658.01,3667.68,1.0
361,25.8517386854,-6.94985048226,-2.48900863048,-4.46084185179,23.5622885718,58.9342386596,3667.69,3680.0,3656.01,3672.03,1.0
362,27.3285113597,-10.55337019,-4.10188094238,-6.45148924762,4.3129057102,55.7208761275,3672.03,3672.04,3633.11,3637.03,-1.0
363,28.6998002714,-12.240077993,-5.72952035252,-6.51055764053,18.3298492683,50.1342449657,3637.05,3655.04,3634.05,3649.77,1.0
364,29.4352734459,-12.9195205397,-7.16752038995,-5.75200014972,26.7349790405,45.9879518595,3649.97,3659.94,3645.0,3656.07,1.0
365,30.1182128222,-13.6253000786,-8.45907632768,-5.16622375092,22.0540288775,41.8643774641,3655.06,3656.32,3645.95,3652.05,-1.0
366,31.0464456447,-14.9842407421,-9.76410921056,-5.22013153154,8.1644744638,37.5286316391,3652.42,3658.88,3640.0,3640.0,-1.0
367,33.242082091,-18.4308838176,-11.497464132,-6.93341968562,6.87285223368,32.3141893389,3640.05,3640.86,3600.0,3608.0,-1.0
368,35.2808873626,-20.2511211694,-13.2481955395,-7.00292562995,14.1623488774,27.0683348689,3608.0,3626.0,3607.87,3616.4,1.0
369,37.7133249748,-23.3402402209,-15.2666044757,-8.07363574515,8.07514582229,22.275645503,3616.41,3619.9,3582.0,3592.66,-1.0
370,39.9720170432,-25.24800882,-17.2628853446,-7.98512347538,10.7195758946,17.3320334699,3593.0,3610.02,3583.0,3595.75,1.0
371,42.3262383971,-28.41337728,-19.4929837317,-8.92039354832,2.5137470542,13.8791027437,3595.77,3596.0,3568.0,3571.2,-1.0
372,43.8938645184,-28.5672884406,-21.3078446735,-7.25944376717,23.7535672318,13.4515132476,3571.15,3602.26,3570.22,3596.3,1.0
373,45.3495173454,-29.258161419,-22.8979080226,-6.36025339644,15.2410714286,13.3685356043,3596.3,3599.88,3575.01,3585.07,-1.0
374,45.342362431,-27.7987808588,-23.8780825898,-3.92069826902,33.9017857143,14.2250407064,3585.21,3614.0,3580.99,3605.97,1.0
375,45.3357185819,-27.6141518632,-24.6252964445,-2.98885541867,21.1264898116,15.5999014421,3605.03,3608.0,3588.0,3589.98,-1.0
376,46.3877389979,-29.7785120305,-25.6559395617,-4.12257246881,7.29223003425,15.4259158163,3590.0,3590.0,3549.0,3557.09,-1.0
377,47.3646150984,-30.6985262695,-26.6644569033,-4.03406936627,12.2228231476,15.6387246966,3556.95,3569.28,3555.56,3562.56,1.0
378,47.2565536237,-30.7982693198,-27.4912193866,-3.30704993325,15.4350200218,15.2025085452,3562.56,3581.39,3562.04,3565.96,1.0
379,46.7143024566,-30.1289709197,-28.0187696932,-2.11020122649,19.9581361485,14.3953686152,3565.72,3587.0,3565.72,3570.93,1.0
380,46.2107835156,-28.9900166641,-28.2130190874,-0.776997576707,27.5745699978,14.2456619918,3570.76,3579.82,3570.0,3574.33,1.0
381,45.9235578177,-28.2626876414,-28.2229527982,-0.0397348432522,24.8311688312,15.632097387,3575.77,3583.09,3565.02,3568.12,-1.0
382,46.1217191494,-28.6854049298,-28.3154432245,-0.369961705275,3.72355430183,16.9148342869,3567.14,3571.76,3551.0,3551.64,-1.0
383,46.3680252568,-28.3163611536,-28.3156268103,-0.000734343307219,11.2615384615,16.1692061029,3554.1,3565.0,3549.0,3556.32,1.0
384,46.8709263558,-28.3794025125,-28.3283819508,-0.051020561704,10.6216216216,16.3968055771,3557.28,3559.47,3540.0,3547.86,-1.0
385,45.2705992995,-25.5550685057,-27.7737192617,2.21865075605,53.8243243243,16.3898088433,3547.85,3585.0,3547.85,3579.83,1.0
386,42.126858985,-21.5218145858,-26.5233383266,5.00152374075,79.7297297297,20.0548500769,3579.0,3613.8,3578.16,3599.0,1.0
387,39.20767155,-18.2841163342,-24.8754939281,6.59137759389,76.8918918919,24.0531473982,3599.05,3610.0,3591.0,3596.9,-1.0
388,36.4969975033,-15.7512858939,-23.0506523213,7.29936642731,73.4959349593,28.4567774313,3596.88,3604.88,3592.0,3594.24,-1.0
389,34.8265856555,-14.5438399833,-21.3492898537,6.80544987038,57.2493224932,31.2849309488,3594.24,3605.0,3575.13,3582.25,-1.0
390,33.2754889398,-13.3682759224,-19.7530870674,6.38481114501,58.3333333333,33.8651332832,3582.0,3592.36,3576.96,3583.05,1.0
391,31.6045982242,-11.9694348386,-18.1963566216,6.22692178308,63.8617886179,37.510926376,3586.44,3595.92,3576.01,3587.13,1.0
392,29.6021752097,-8.96932362085,-16.3509500215,7.38162640063,93.8888888889,41.1994239096,3587.12,3612.08,3586.22,3609.29,1.0
393,27.6698666903,-7.82405900732,-14.6455718186,6.82151281133,71.6802168022,46.8032716858,3609.3,3609.98,3585.0,3592.9,-1.0
394,25.875580208,-6.99156896529,-13.114771248,6.12320228268,69.0650406504,50.4977060182,3592.74,3595.0,3586.82,3590.97,-1.0
395,24.7502281795,-5.66774834587,-11.6253666676,5.95761832169,79.1192411924,53.4613110648,3590.97,3603.99,3590.03,3598.39,1.0
396,23.9362244202,-5.53121938938,-10.4065372119,4.87531782254,62.7235772358,57.3390305192,3598.3,3608.0,3586.29,3586.29,-1.0
397,22.9121738958,-6.7404776783,-9.6733253052,2.9328476269,39.2953929539,61.5533178716,3586.96,3586.99,3560.01,3569.0,-1.0
398,21.7091637133,-6.81576006787,-9.10181225773,2.28605218986,47.1872630781,63.5557360496,3569.0,3591.0,3562.12,3578.97,1.0
399,20.2602093169,-6.07752535807,-8.4969548778,2.41942951973,52.0171035508,66.1675675822,3579.72,3599.79,3579.72,3587.99,1.0
400,18.9275272765,-4.61540385771,-7.72064467378,3.10524081607,73.3435759554,66.0384803841,3587.99,3600.0,3585.01,3598.2,1.0
401,17.6900368104,-3.99481973226,-6.97547968548,2.98065995321,59.4392164394,65.5823265431,3598.0,3599.68,3586.97,3590.96,-1.0
402,16.4503770909,-3.32029006438,-6.24444176126,2.92415169688,62.8768964855,64.3357068679,3591.03,3595.68,3585.03,3592.75,1.0
403,15.4940444329,-2.76514243212,-5.54858189543,2.78343946331,62.6080276551,63.5772041198,3592.96,3598.99,3589.45,3592.61,1.0
404,14.5649019002,-2.42392827656,-4.92365117166,2.4997228951,59.5928557711,63.9599687742,3593.18,3593.18,3588.94,3591.04,-1.0
405,14.1488312421,-1.49478410025,-4.23787775738,2.74309365712,74.8607643557,64.0499346626,3591.02,3598.99,3587.6,3598.99,1.0
406,14.336305597,-0.210528302855,-3.43240786647,3.22187956362,91.5349209526,64.8355757868,3597.44,3607.11,3595.0,3605.75,1.0
407,16.3202211513,3.16409408317,-2.11310747654,5.27720155972,89.1358316586,64.6674352199,3605.73,3644.6,3604.97,3635.41,1.0
408,18.9139772056,8.3876974445,-0.0129464923354,8.40064393683,98.3634875898,65.9142648525,3635.41,3670.0,3632.97,3668.2,1.0
409,21.4455739208,10.8410881413,2.1578604344,8.68322770693,77.3261380451,68.0070110624,3668.24,3674.9,3643.31,3648.85,-1.0
410,23.7963422992,13.3185755745,4.39000346243,8.92857211212,84.7332230829,67.8789322662,3648.88,3664.89,3648.0,3657.36,1.0
411,26.3099564661,15.4476774031,6.60153825057,8.84613915258,85.8646876079,69.4510498267,3657.41,3678.0,3654.1,3661.62,1.0
412,28.0963672535,16.6653192643,8.61429445331,8.05102481096,79.8331298331,72.7774280163,3661.35,3664.61,3648.02,3658.18,-1.0
413,29.664540634,16.7800492778,10.2474454182,6.53260385959,69.9322507797,75.1092756416,3658.16,3662.97,3647.03,3650.04,-1.0
414,31.3357064566,17.3958628294,11.6771289004,5.71873392895,79.5955684629,76.3889290151,3651.8,3670.0,3649.98,3659.03,1.0
415,32.8875032918,17.1504077735,12.7717846751,4.37862309842,72.4534796171,76.8354999085,3659.03,3668.0,3652.39,3652.39,-1.0
416,33.5877487991,16.6517702479,13.5477817896,3.10398845829,70.1327433628,77.7650901355,3652.39,3656.97,3645.08,3651.0,-1.0
417,34.6439436251,16.5723047194,14.1526863756,2.41961834379,77.0796460177,78.2833649125,3651.52,3668.0,3647.08,3657.28,1.0
418,35.6569045999,16.8716145791,14.6964720163,2.17514256283,84.7123893805,79.3170519384,3657.28,3668.91,3652.79,3664.18,1.0
419,37.2517481557,18.1016537618,15.3775083654,2.72414539639,88.4947368421,81.111304339,3664.61,3690.0,3657.88,3679.07,1.0
420,39.3440026657,21.724486127,16.6469039177,5.07758220927,97.3456025482,82.0851595166,3679.47,3717.99,3676.58,3714.99,1.0
421,41.5679262922,23.5846028105,18.0344436963,5.55015911425,71.4103694992,82.500208202,3714.99,3735.0,3695.56,3705.83,-1.0
422,43.5896226824,24.6008810918,19.3477311754,5.25314991643,65.8305158687,81.2341037621,3705.96,3716.14,3695.08,3703.67,-1.0
423,45.4640037762,25.2228554593,20.5227560321,4.70009942713,66.6370106762,78.9103200677,3703.65,3706.87,3695.05,3705.0,1.0
424,46.2389804045,24.0243128075,21.2230673872,2.80124542027,47.1419039146,78.1468109699,3704.85,3705.37,3685.0,3687.47,-1.0
425,46.9586015593,23.3443798147,21.6473298727,1.69704994197,54.5707295374,75.4617167436,3687.52,3697.0,3687.16,3694.15,1.0
426,47.8374277617,23.0194821159,21.9217603213,1.09772179454,61.1766014235,73.2264340243,3694.15,3704.88,3689.57,3700.09,1.0
427,48.7348789955,22.6549670286,22.0684016628,0.586565365809,63.3007117438,71.8938248522,3700.96,3708.0,3697.34,3702.0,1.0
428,48.1747871859,20.5955325069,21.7738278316,-1.17829532471,42.1708185053,71.4201434925,3702.02,3703.05,3683.0,3683.0,-1.0
429,47.1318409794,19.4883911294,21.3167404912,-1.82834936175,52.5022241993,68.7469470669,3683.03,3696.0,3677.0,3692.29,1.0
430,48.1906628653,24.9968314618,22.0527586853,2.94407277653,99.2243251629,67.3218573942,3692.28,3776.0,3690.07,3775.0,1.0
431,49.4415685615,30.225873529,23.687381654,6.53849187494,96.4981365586,69.3998275228,3775.0,3795.0,3753.0,3790.02,1.0
432,50.6031238508,33.4270218889,25.635309701,7.79171218792,91.3287631272,70.7868625614,3789.52,3792.99,3763.0,3783.11,-1.0
433,51.6817109052,35.0667019785,27.5215881565,7.54511382198,84.7998648877,71.2594606862,3783.12,3785.0,3767.8,3777.0,-1.0
434,52.884227238,37.5455772398,29.5263859732,8.01919126662,98.5057471264,70.9955412609,3775.53,3798.8,3775.53,3796.98,1.0
435,53.6616044389,37.4444615358,31.1100010857,6.3344604501,81.8801313629,71.0784087308,3796.98,3798.0,3771.0,3776.73,-1.0
436,54.3834546968,37.1977815793,32.3275571844,4.87022439485,84.5484400657,71.8262488639,3776.58,3783.99,3772.0,3779.98,1.0
437,55.053744222,35.9958781195,33.0612213714,2.9346567481,78.5303776683,73.1632434494,3779.98,3781.09,3772.1,3772.65,-1.0
438,55.7333835872,34.6097044332,33.3709179838,1.23878644942,78.1773399015,74.0127696631,3772.5,3784.0,3772.09,3772.22,-1.0
439,54.9653494851,32.4886885316,33.1944720933,-0.705783561776,71.5845648604,76.2295865193,3772.22,3773.04,3755.58,3764.19,-1.0
440,54.260699604,30.5667679416,32.668931263,-2.10216332139,72.7175697865,77.444860471,3764.22,3773.32,3760.28,3765.57,1.0
441,53.7083506533,29.1346447678,31.962073964,-2.82742919616,77.0607553366,78.269215354,3765.57,3776.52,3765.0,3770.86,1.0
442,53.0163093151,27.4396805175,31.0575952747,-3.61791475719,74.5812807882,79.2520756107,3770.87,3772.0,3763.01,3767.84,-1.0
443,53.3098200645,28.1738289764,30.480842015,-2.3070130386,93.5699991299,81.5671086309,3768.88,3805.0,3768.06,3797.61,1.0
444,53.5823657603,26.9617364132,29.7770208946,-2.81528448147,50.4423076923,84.5005211259,3797.22,3801.92,3779.01,3779.23,-1.0
445,50.1677171309,22.7923563546,28.3800879866,-5.587731632,26.7207906813,81.0160913066,3779.23,3781.0,3720.01,3742.72,-1.0
446,46.7543612983,18.871134299,26.4782972491,-7.60716295008,32.0909090909,76.0319951725,3742.64,3742.89,3706.0,3737.77,-1.0
447,43.615524057,15.987542839,24.3801463671,-8.39260352812,37.202020202,71.8007198842,3737.17,3751.9,3724.98,3742.83,1.0
448,40.7008894759,12.5210533151,22.0083277567,-9.48727444158,24.2222222222,68.4008738352,3742.98,3746.14,3729.77,3729.98,-1.0
449,37.9229754502,10.5838201746,19.7234262403,-9.13960606568,35.8888888889,63.0949077706,3729.98,3745.0,3722.56,3741.53,1.0
450,35.5337893843,9.55568799699,17.6898785916,-8.13419059464,43.6161616162,59.8098190225,3741.53,3754.8,3739.49,3749.18,1.0
451,33.3152594659,8.30702959006,15.8133087913,-7.50627920125,39.3838383838,56.8860848475,3748.85,3753.99,3741.9,3744.99,-1.0
452,31.3539325757,7.89139089985,14.228925213,-6.33753431317,47.7070707071,54.0899034701,3745.31,3756.0,3741.0,3753.23,1.0
453,29.9713173242,7.55319658814,12.893779488,-5.3405828999,48.6868686869,51.9134556705,3753.23,3765.0,3740.23,3754.2,1.0
454,28.6874603049,6.98437544264,11.711898679,-4.72752323632,45.9292929293,50.2779059438,3754.36,3758.11,3744.92,3751.47,-1.0
455,27.2124930684,4.18482183357,10.2064833099,-6.02166147631,17.1313131313,48.3644575968,3752.46,3752.46,3719.0,3722.96,-1.0
456,25.8428806345,2.69839297366,8.70486524264,-6.00647226898,26.6868686869,44.0837831536,3723.21,3739.48,3719.0,3732.42,1.0
457,24.9378922145,3.86271916064,7.73643602624,-3.8737168656,58.3819849875,40.6627537178,3732.63,3770.0,3725.09,3762.0,1.0
458,24.3843881292,4.71895512867,7.13293984673,-2.41398471806,74.4666666667,38.1493241362,3762.0,3777.0,3752.91,3761.85,-1.0
459,23.8704200499,5.96861060073,6.90007399753,-0.931463396799,89.8309859155,39.8653497772,3761.5,3769.78,3758.02,3769.78,1.0
460,23.0830958846,5.72297188965,6.66465357595,-0.941681686299,62.5517241379,44.3732208654,3769.78,3773.84,3753.0,3755.28,-1.0
461,22.1643220272,5.36319259306,6.40436137937,-1.04116878631,60.3448275862,46.5489933687,3755.1,3763.36,3750.0,3754.0,-1.0
462,21.3111748738,4.98988183256,6.12146547001,-1.13158363745,59.6896551724,48.202051039,3754.06,3759.36,3751.0,3753.62,-1.0
463,20.8288082384,4.72669098792,5.84251057359,-1.11581958567,61.5517241379,50.7354391069,3753.43,3765.0,3752.0,3754.7,1.0
464,19.9276306191,2.87038259412,5.2480849777,-2.37770238358,27.0517241379,52.5684987675,3754.66,3754.78,3725.11,3734.69,-1.0
465,19.0965588037,1.25646140131,4.44976026242,-3.19329886111,24.3103448276,51.385324662,3734.6,3743.0,3725.0,3733.1,-1.0
466,18.3248492609,-0.449106044915,3.46998700095,-3.91909304587,15.0862068966,50.3086465508,3733.35,3740.0,3725.0,3727.75,-1.0
467,17.6082618283,-1.7499454282,2.42600051512,-4.17594594332,15.7413793103,47.97858485,3727.75,3732.94,3726.0,3728.13,1.0
468,17.9616467402,-4.19544699142,1.10171101381,-5.29715800524,3.6525740581,45.6253356089,3728.22,3734.54,3707.46,3710.0,-1.0
469,18.2897898726,-5.18613400544,-0.155857990036,-5.0302760154,19.470808168,42.6055699752,3710.02,3726.5,3707.96,3721.0,1.0
470,18.1775832707,-5.58013512462,-1.24071341695,-4.33942170767,25.294794363,42.7726767635,3722.0,3731.64,3721.0,3725.05,1.0
471,18.5635894627,-6.14990654136,-2.22255204184,-3.92735449953,19.4420477423,42.6732428833,3725.1,3727.0,3712.0,3720.98,-1.0
472,18.9220237838,-6.49112452837,-3.07626653914,-3.41485798923,21.0304308527,39.8918187943,3720.91,3725.41,3714.0,3721.42,1.0
473,18.8574070872,-6.24334802784,-3.70968283688,-2.53366519096,29.3612533896,36.0749448076,3721.42,3729.85,3719.22,3726.95,1.0
474,18.5153381666,-6.07300064961,-4.18234639943,-1.89065425018,31.8039624609,31.7556781986,3726.95,3733.02,3721.0,3725.76,-1.0
475,18.1977027402,-6.09050055955,-4.56397723145,-1.5265233281,27.0072992701,29.5594095074,3725.0,3727.86,3722.8,3723.0,-1.0
476,17.2478340415,-5.27617142278,-4.70641606972,-0.569755353066,43.5349322211,27.1781574848,3723.03,3735.0,3722.82,3732.51,1.0
477,16.2311086203,-4.43763809429,-4.65266047463,0.215022380343,56.6568047337,26.0242487026,3732.51,3736.51,3726.0,3734.27,1.0
478,16.501092894,-1.83870015209,-4.08986841012,2.25116825804,98.0970873786,25.6746116023,3734.67,3758.96,3734.0,3757.98,1.0
479,17.0169977531,-0.745188087373,-3.42093234557,2.6757442582,68.5938615275,30.7492804052,3757.97,3763.5,3745.0,3745.9,-1.0
480,16.1006136939,-0.116878770719,-2.7601216306,2.64324285988,63.2940756602,33.9123887409,3745.3,3746.14,3727.97,3742.93,-1.0
481,16.1853219592,1.58765848615,-1.89056560725,3.47822409341,90.3818700928,37.3558079383,3742.94,3762.0,3740.69,3758.11,1.0
482,16.2639796341,1.82092661064,-1.14826716367,2.96919377432,65.8264314008,42.6872715656,3758.02,3759.28,3742.2,3744.52,-1.0
483,15.7730316824,2.02122583512,-0.514368563913,2.53559439904,64.0776699029,47.1282613758,3745.0,3751.0,3734.98,3745.0,-1.0
484,15.3171514416,2.01153177071,-0.00918849698867,2.0207202677,60.5825242718,50.3144657854,3744.92,3750.0,3740.0,3743.2,-1.0
485,17.7047956682,6.87183947784,1.36701709798,5.50482237986,84.5887850467,52.8350179218,3743.14,3821.0,3737.0,3804.51,1.0
486,21.0664681827,17.0925154367,4.51211676572,12.580398671,97.5646879756,57.4883563007,3804.51,3890.04,3798.0,3885.88,1.0
487,24.2356981024,23.877916653,8.38527674317,15.4926399098,87.8612716763,62.9550889523,3885.88,3894.0,3855.4,3873.0,-1.0
488,27.6922101103,32.9903772453,13.3062968436,19.6840804017,90.5531302039,67.1336616871,3873.0,3944.99,3872.14,3924.0,1.0
489,30.9018284035,36.0858905042,17.8622155757,18.2236749285,69.8564162578,71.3300308116,3925.74,3927.9,3875.0,3878.02,-1.0
490,33.5971842939,38.7700004307,22.0437725467,16.726227884,73.2544865062,74.390682025,3878.0,3894.89,3870.0,3886.42,1.0
491,36.3400891014,40.3122517926,25.6974683959,14.6147833968,72.3251313243,76.5135073311,3886.76,3919.0,3881.02,3884.93,-1.0
492,36.8706917192,38.5938190786,28.2767385324,10.3170805462,58.0729886646,77.6326735161,3884.93,3907.0,3840.0,3854.0,-1.0
493,37.0348629469,37.4474251394,30.1108758538,7.33654928555,61.768500599,74.7738093223,3853.98,3868.0,3832.33,3862.02,1.0
494,37.1873076583,35.9581714817,31.2803349794,4.67783650229,59.5114518356,74.2862835417,3862.06,3868.0,3852.56,3859.96,-1.0
495,37.6410071668,35.5813696532,32.1405419142,3.44082773906,66.6730155707,74.0160961256,3859.04,3884.0,3848.24,3875.0,1.0
496,38.1903152682,35.8371360879,32.8798607489,2.95727533897,72.3822675111,72.3226065169,3875.0,3890.78,3869.91,3886.99,1.0
497,38.7003870766,35.0699202052,33.3178726402,1.75204756502,68.7436896005,72.7908805248,3886.07,3889.9,3877.4,3879.98,-1.0
498,39.5107533034,35.3981707791,33.7339322679,1.66423851114,76.7536900813,73.124167646,3879.98,3907.28,3871.11,3896.64,1.0
499,41.3273363361,42.180952046,35.4233362236,6.75761582248,98.246914888,74.2792509181,3896.49,3986.81,3883.77,3983.5,1.0
500,43.051321539,46.7455703943,37.6877830577,9.05778733658,93.4201377915,75.2548316211,3982.89,3990.54,3937.77,3980.13,-1.0
501,44.6521649418,48.7544814034,39.9011227268,8.85335867653,85.2221730611,74.9587923222,3982.17,3982.27,3945.0,3967.16,-1.0
502,46.2236158947,49.9355429472,41.9080067709,8.02753617629,86.5115985083,74.7702852783,3967.26,3990.0,3956.04,3969.2,1.0
503,47.7814143981,52.4344881118,44.0133030391,8.42118507269,98.2360352793,74.4816044429,3969.2,3999.0,3965.16,3996.06,1.0
504,49.5147191303,54.3811318947,46.0868688102,8.2942630845,87.4329227781,76.5087200873,3996.08,4028.0,3982.76,4003.41,1.0
505,50.5944133604,53.4860963184,47.5667143119,5.91938200658,75.8981959421,77.5214655352,4003.41,4013.96,3973.1,3980.84,-1.0
506,51.5969865741,53.9039904246,48.8341695344,5.06982089017,86.9729646854,77.7766844365,3980.84,4005.0,3977.0,4002.51,1.0
507,52.7793470861,55.5188762294,50.1711108734,5.34776535598,99.0821094793,79.840968438,4002.51,4026.35,3989.97,4026.35,1.0
508,54.0231290041,55.3201813331,51.2009249653,4.11925636776,87.447851481,82.5062262152,4026.02,4040.0,4008.01,4015.93,-1.0
509,53.9105315461,52.3076405302,51.4222680783,0.885372451903,69.4397083897,84.5016833327,4015.97,4022.12,3985.0,3988.02,-1.0
510,54.3357838868,54.122457388,51.9623059403,2.16015144776,93.5620499788,84.6993042483,3988.02,4059.99,3972.05,4047.83,1.0
511,55.0383947926,56.518197577,52.8734842676,3.64471330942,91.0505115978,86.2121458532,4047.53,4087.1,4037.0,4067.77,1.0
512,55.6908192052,56.7603507442,53.6508575629,3.10949318125,84.3849899179,87.8054902816,4066.16,4080.0,4048.02,4055.35,-1.0
513,56.2966418739,57.4048827043,54.4016625912,3.00322011307,87.9863389808,88.350583127,4056.0,4080.0,4050.0,4069.16,1.0
514,56.6317240853,56.353448967,54.7920198663,1.56142910061,79.4159042928,87.6176848479,4069.16,4070.94,4046.0,4057.85,-1.0
515,56.6662392474,55.3980128598,54.913218465,0.484794394732,82.5652372959,86.6173824552,4057.87,4065.0,4041.28,4064.25,1.0
516,57.0522161788,54.3826938258,54.8071135372,-0.424419711379,83.8401811711,86.4276013291,4064.98,4088.8,4060.0,4068.82,1.0
517,57.039220298,53.7795499237,54.6016008145,-0.822050890792,91.6059957173,86.236785805,4068.86,4080.0,4053.66,4079.0,1.0
518,56.5221775857,50.1398269243,53.7092460365,-3.56941911212,64.1798715203,85.7632115506,4078.68,4083.0,4045.0,4046.98,-1.0
519,55.7623355947,46.7949746949,52.3263917681,-5.53141707322,65.0192719486,84.1022793179,4045.68,4068.0,4040.21,4047.96,1.0
520,55.0567680316,44.0399483078,50.6691030761,-6.62915476824,69.3019271949,83.3252133183,4046.87,4057.97,4045.47,4052.96,1.0
521,54.509344787,41.6954695338,48.8743763676,-7.17890683381,72.6937901499,82.0629963547,4052.9,4062.5,4048.01,4056.92,1.0
522,54.1789365432,40.1963426364,47.1387696214,-6.94242698497,81.4218415418,80.1781164026,4057.04,4070.0,4056.74,4067.11,1.0
523,54.0011576523,38.5477806212,45.4205718214,-6.87279120013,81.2505353319,79.7476871212,4067.14,4075.5,4056.51,4066.91,-1.0
524,51.158433272,32.7668527675,42.8898280106,-10.1229752431,7.79187817259,80.5913176171,4066.92,4077.5,4010.0,4016.14,-1.0
525,48.5187606331,28.6659337622,40.0450491609,-11.3791153987,20.5456852792,74.4648767738,4016.16,4036.49,4010.0,4026.19,1.0
526,46.538630835,26.6946048121,37.3749602911,-10.6803554791,45.4949238579,69.4288177511,4027.08,4050.0,4020.46,4045.85,1.0
527,43.2581254539,20.0715453234,33.9142772976,-13.8427319742,0.676328502415,66.6509558896,4046.41,4049.0,3985.3,3986.0,-1.0
528,40.6596598683,14.0754554639,29.9465129309,-15.871057467,5.04745470233,60.4145265698,3985.95,4004.71,3972.9,3978.75,-1.0
529,39.4115986711,7.40404083932,25.4380185125,-18.0339776732,14.1471615156,55.1024944562,3978.75,3983.98,3934.14,3956.02,-1.0
530,38.1381724987,4.19396908687,21.1892086274,-16.9952395405,32.3928523445,50.2154890433,3957.75,3986.69,3950.0,3982.36,1.0
531,36.9557053387,0.645178180108,17.0804025379,-16.4352243578,24.0897487572,46.5406798414,3982.37,3985.04,3951.14,3970.0,-1.0
532,35.8577001186,-2.75681102809,13.1129598247,-15.8697708528,19.6428571429,41.7180907728,3970.0,3982.0,3957.12,3962.3,-1.0
533,34.2527566592,-2.93857680628,9.90265249854,-12.8412293048,41.0853794643,38.5368754601,3962.44,3994.05,3959.02,3993.04,1.0
534,32.281076369,-3.72875139823,7.17637171918,-10.9051231174,35.1283482143,36.8273117112,3993.04,4004.54,3979.0,3984.5,-1.0
535,30.8696242626,-4.06044087742,4.92900919986,-8.98945007728,37.2698102679,34.386341784,3984.52,4003.0,3968.0,3987.57,1.0
536,29.5589901639,-4.51734356479,3.03973864693,-7.55708221172,35.1422991071,31.8560575068,3989.69,3995.73,3977.0,3984.52,-1.0
537,28.075056345,-4.04286739603,1.62321743834,-5.66608483437,41.9712611607,28.5503759043,3984.48,4000.91,3978.19,3994.31,1.0
538,26.2363472876,-3.31154997156,0.63626395636,-3.94781392792,55.3253927153,25.7447134635,3994.12,4010.04,3992.0,3998.24,1.0
539,24.5289745915,-2.41605569344,0.0258000263987,-2.44185571984,58.4066977387,29.1399645023,3998.24,4010.0,3992.1,4001.81,1.0
540,23.895193397,-3.13319202035,-0.605998382952,-2.5271936374,43.1307678913,31.8443225351,4001.98,4002.02,3971.13,3983.68,-1.0
541,22.3146849679,-0.762023136647,-0.637203333691,-0.124819802956,98.282967033,31.6754542518,3983.67,4021.5,3979.47,4020.0,1.0
542,21.5740187897,1.1809954832,-0.273563570313,1.45455905351,78.3432593395,38.6473570039,4020.0,4044.96,4014.99,4020.96,1.0
543,20.8878131898,3.87605570692,0.556360285133,3.31969542178,90.3473684211,43.8827716209,4020.24,4045.0,4016.0,4035.83,1.0
544,20.2506222757,5.6633985522,1.57776793855,4.08563061365,86.4905177925,49.3256435427,4035.84,4045.0,4024.97,4032.32,-1.0
545,19.8343112353,8.23805863267,2.90982607737,5.3282325553,98.7483674358,53.1897625033,4032.77,4049.0,4032.34,4047.85,1.0
546,20.2799586769,10.9455209905,4.51696506,6.4285559305,88.906911778,58.5225209803,4047.81,4069.99,4039.15,4057.68,1.0
547,19.946749847,11.8291963878,5.97941132555,5.84978506222,74.2523776841,63.4699534542,4053.78,4061.24,4026.2,4043.73,-1.0
548,19.2986195972,10.7362446747,6.93077799537,3.80546667928,53.9660751054,65.8390247557,4042.77,4051.59,4020.0,4023.04,-1.0
549,18.3022091013,9.76796347863,7.49821509202,2.26974838661,52.640097107,67.1845766764,4022.94,4032.97,4012.64,4023.17,1.0
550,17.7065700886,8.64674073555,7.72792022073,0.918820514822,49.4537730123,68.2824543078,4023.14,4040.0,4020.0,4020.02,-1.0
551,16.8707376248,7.99043527319,7.78042323122,0.210012041967,53.520129476,69.3047024439,4020.08,4040.0,4015.0,4024.04,1.0
552,15.7815770161,6.18540466566,7.46141951811,-1.27601485245,38.3066963383,70.1296216093,4024.04,4031.54,4005.0,4009.0,-1.0
553,16.2354940128,3.51530484876,6.67219658424,-3.15689173548,23.3760985958,68.9140004395,4009.01,4009.02,3971.0,3994.14,-1.0
554,16.1546878609,2.11559354094,5.76087597558,-3.64528243464,32.6497626023,66.4118147864,3994.14,4018.27,3990.01,4003.32,1.0
555,16.3875602032,0.250570795034,4.65881493947,-4.40824414444,23.2245681382,65.6631715515,4003.98,4004.0,3982.03,3993.99,-1.0
556,16.4759874999,-0.813826749993,3.56428660158,-4.37811335157,28.2856854228,60.3018573447,3993.99,4006.22,3992.79,3999.0,1.0
557,16.3334187861,-1.35927979239,2.57957332278,-3.93885311518,31.8213961006,56.7263163507,3999.88,4010.0,3998.22,4002.5,1.0
558,16.2636783353,-1.40897343197,1.78186397183,-3.1908374038,36.4077179513,52.5458897564,4002.5,4008.98,3996.86,4007.04,1.0
559,15.5897935527,-0.841537127564,1.25718375195,-2.09872087952,43.8832205273,48.9685469106,4007.04,4018.81,4000.33,4014.44,1.0
560,15.1388107327,-1.66851395884,0.672044209794,-2.34055816864,30.3413120567,45.0496078457,4014.64,4017.1,3997.0,3998.38,-1.0
561,14.7200409713,-1.91770077584,0.154095212667,-2.07179598851,39.8808785209,40.8663507227,3998.38,4011.03,3998.0,4003.14,1.0
562,14.3311833358,-2.10543744699,-0.297811319264,-1.80762612772,46.3188405797,38.4112436396,4003.49,4005.72,3998.0,4002.96,-1.0
563,14.1513558713,-1.13884438367,-0.466017932145,-0.672826451526,66.115942029,37.8650126021,4002.02,4030.0,4001.12,4016.62,1.0
564,13.9843732258,-0.856768970719,-0.54416813986,-0.312600830859,57.2463768116,38.8275729537,4017.01,4022.0,4003.98,4010.5,-1.0
565,13.5432333319,-1.18441052501,-0.67221661689,-0.512193908118,53.6835150314,39.3841875108,4010.81,4025.0,3999.95,4003.5,-1.0
566,14.0700560838,-3.14350962851,-1.16647521921,-1.9770344093,29.3970588235,39.3958579076,4003.02,4007.03,3962.0,3981.99,-1.0
567,14.5592486392,-5.18823388762,-1.9708269529,-3.21740693473,19.3382352941,38.7594552279,3981.18,3990.0,3970.0,3975.15,-1.0
568,15.0134988691,-6.28996105488,-2.83465377329,-3.45530728159,27.4705882353,38.4710364207,3975.0,3986.0,3975.0,3980.68,1.0
569,14.9627440543,-7.37262523372,-3.74224806538,-3.63037716835,22.1029411765,38.1010953945,3980.72,3992.6,3975.17,3977.03,-1.0
570,15.559602412,-8.54049460195,-4.70189737269,-3.83859722926,14.6617647059,38.0209791829,3977.78,3977.9,3962.0,3971.97,-1.0
571,16.11382803,-9.32466012291,-5.62644992274,-3.69821020017,15.2794117647,37.0478419888,3971.97,3973.84,3966.06,3972.39,1.0
572,15.6113967432,-8.77100450402,-6.25536083899,-2.51564366503,34.8529411765,35.8662716791,3972.35,3987.93,3966.0,3985.7,1.0
573,15.1331816213,-8.87943950912,-6.78017657302,-2.0992629361,23.0147058824,35.7552161952,3986.5,3988.1,3973.1,3977.65,-1.0
574,14.6232420865,-8.37420266686,-7.09898179179,-1.27522087507,32.0294117647,34.2646080063,3976.96,3989.0,3973.0,3983.78,1.0
575,13.6388036833,-7.37238801646,-7.15366303672,-0.21872497974,41.4411764706,34.3851865569,3983.78,3996.0,3981.98,3990.18,1.0
576,12.7246823089,-6.78507012209,-7.07994445379,0.294874331707,36.25,34.4966364104,3990.02,3990.03,3983.0,3986.65,-1.0
577,12.3336683563,-5.66286869348,-6.79652930173,1.13366060825,50.7619047619,33.7774335119,3986.1,3997.98,3983.0,3993.98,1.0
578,11.9705839716,-5.24082633553,-6.48538870849,1.24456237296,40.380952381,32.6807165642,3994.0,3996.88,3984.46,3987.44,-1.0
579,13.0516995977,-2.95585495724,-5.77948195824,2.823627001,84.5915735168,31.4760433906,3987.46,4020.15,3987.46,4011.19,1.0
580,14.055592679,-1.66722091491,-4.95702974957,3.28980883466,73.0524505589,33.6837618538,4011.85,4015.98,3998.01,4004.48,-1.0
581,14.702548417,-0.724761526591,-4.11057610498,3.38581457839,71.1951848667,36.8020041207,4004.48,4007.0,3994.97,4003.4,-1.0
582,14.1200343963,-1.12523053544,-3.51350699107,2.38827645563,46.4660361135,40.5060719473,4003.48,4004.3,3981.0,3989.02,-1.0
583,13.1332290733,-1.78753268727,-3.16831213031,1.38077944304,38.6758383491,41.8628896529,3989.02,3998.96,3975.0,3984.49,-1.0
584,12.2169098448,-2.2485667642,-2.98436305709,0.735796292888,35.0138504155,43.0466680223,3984.51,3989.99,3976.58,3984.96,1.0
585,11.8633866788,-2.00420808642,-2.78833206295,0.784123976533,48.4395198523,44.5003884302,3985.0,3996.62,3984.01,3992.23,1.0
586,13.720112334,-5.48017541196,-3.32670073276,-2.15347467921,25.931103345,46.8689675793,3992.71,3992.72,3920.0,3945.97,-1.0
587,15.8423020192,-10.8389512321,-4.82915083263,-6.00980039949,5.32129394232,46.2316934484,3945.95,3951.98,3906.08,3912.15,-1.0
588,17.9764655752,-13.8760667467,-6.63853401544,-7.23753273125,20.9404910529,44.9678783099,3910.59,3933.5,3900.0,3925.16,1.0
589,19.1653498523,-16.4013730131,-8.59110181498,-7.81027119816,17.7694548481,44.1758125447,3925.54,3945.0,3916.6,3921.35,-1.0
590,20.1494225402,-16.9469391989,-10.2622692918,-6.68466990717,30.7698709946,42.484975286,3921.12,3946.77,3919.96,3936.97,1.0
591,21.0632043217,-17.0950957354,-11.6288345805,-5.46626115492,31.6687473991,42.0935374999,3937.03,3945.87,3929.0,3938.05,1.0
592,21.9117159761,-17.1041061758,-12.7238888996,-4.38021727627,30.7532251352,40.7297405454,3937.94,3939.0,3929.39,3936.95,-1.0
593,22.1487328918,-16.4400077326,-13.4671126662,-2.9728950664,37.0063804104,40.0420457421,3936.91,3946.0,3934.96,3942.92,1.0
594,22.5982812301,-16.7055715422,-14.1148044414,-2.5907671008,28.7102803738,36.6431033774,3942.91,3942.92,3929.93,3930.72,-1.0
595,22.6061415121,-16.1090124581,-14.5136460447,-1.59536641334,36.8360498562,33.475805507,3930.72,3948.0,3930.1,3938.42,1.0
596,22.6134403454,-15.5769047715,-14.7262977901,-0.850606981464,37.3181083266,31.0215815777,3937.4,3940.0,3932.27,3936.93,-1.0
597,24.0062656567,-17.9484226266,-15.3707227574,-2.57769986921,0.38050185109,30.3681581644,3936.97,3940.0,3899.38,3899.75,-1.0
598,25.3124793124,-18.8001996056,-16.056618127,-2.74358147858,11.0633066994,27.6327769859,3899.74,3918.97,3899.0,3909.8,1.0
599,26.8255673711,-20.4147804341,-16.9282505884,-3.48652984566,5.00877022023,25.9220238634,3910.69,3914.0,3890.1,3895.24,-1.0
600,28.2339424338,-20.4076881438,-17.6241380995,-2.78355004429,29.477250726,22.8198274611,3895.21,3912.32,3890.0,3908.27,1.0
601,28.6826458357,-19.4867162566,-17.9966537309,-1.49006252566,46.2586206897,23.0731237026,3905.94,3921.75,3904.1,3916.83,1.0
602,29.38728767,-18.6140833962,-18.120139664,-0.493943732194,44.724137931,25.9972184702,3915.82,3921.94,3897.1,3915.94,1.0
603,30.0415979448,-18.8223159597,-18.2605749231,-0.561741036579,20.8620689655,27.6960503901,3915.94,3918.0,3902.1,3902.1,-1.0
604,31.4566839639,-19.4003635128,-18.4885326411,-0.91183087173,20.8970588235,27.9169513985,3902.1,3909.8,3880.0,3894.21,-1.0
605,33.1553424756,-20.3660661425,-18.8640393413,-1.50202680119,22.6357160403,27.2117505291,3894.21,3894.24,3866.58,3885.01,-1.0
606,34.8283543835,-21.569439244,-19.4051193219,-2.16431992213,15.8823529412,26.5665340035,3884.86,3894.0,3863.0,3876.5,-1.0
607,34.9737190743,-20.3104359561,-19.5861826487,-0.724253307337,44.7294117647,25.5043288468,3876.78,3910.0,3876.42,3901.02,1.0
608,35.1087005729,-20.2093885258,-19.7108238241,-0.498564701682,28.2588235294,26.0559739435,3901.03,3903.79,3883.0,3887.02,-1.0
609,34.9558000791,-18.6259537753,-19.4938498144,0.867896039037,51.9350649351,26.0237270261,3886.53,3907.0,3886.29,3902.99,1.0
610,35.0850985997,-17.7610296401,-19.1472857795,1.38625613945,42.3636363636,27.1022281031,3902.98,3905.0,3880.0,3895.62,-1.0
611,33.6171698913,-15.1722596806,-18.3522805597,3.18002087911,87.147234317,27.4626229629,3895.61,3925.01,3894.22,3917.04,1.0
612,32.2540932335,-13.2933970665,-17.3405038611,4.04710679461,80.6321561039,33.6602467105,3917.04,3918.03,3907.13,3913.0,-1.0
613,30.7664199402,-11.430545764,-16.1585122417,4.72796647764,85.4700854701,38.6294502394,3912.88,3920.99,3909.16,3916.0,1.0
614,29.385009025,-9.66688111666,-14.8601860167,5.19330490001,88.9856474762,44.3766870429,3916.1,3919.89,3914.97,3918.18,1.0
615,28.700280301,-8.26586885884,-13.5413225851,5.27545372626,87.147234317,48.6272868108,3918.83,3918.86,3905.15,3917.04,-1.0
616,29.5940150632,-8.63275818552,-12.5596097052,3.92685151967,55.6361877117,51.5479020699,3917.04,3918.0,3870.01,3897.5,-1.0
617,30.4239116282,-8.45886511456,-11.7394607871,3.2805956725,62.9737139171,52.3273341971,3897.24,3905.0,3896.0,3902.05,1.0
618,30.7713103218,-7.9143179494,-10.9744322195,3.06011427013,69.2791485244,55.3353088365,3901.92,3909.97,3894.95,3905.96,1.0
619,31.093894823,-8.05799959551,-10.3911456947,2.33314609921,55.9264634736,58.7911723866,3906.33,3909.15,3896.42,3897.68,-1.0
620,31.7780670384,-8.73765900946,-10.0604483577,1.32278934821,35.2909090909,61.1690829175,3897.77,3905.99,3887.15,3889.42,-1.0
621,32.6873360214,-9.63166386074,-9.97469145829,0.343027597544,24.7818181818,62.5554083568,3889.42,3893.8,3880.0,3883.64,-1.0
622,33.53165722,-9.58654898513,-9.89706296366,0.310513978528,39.2727272727,61.1305802437,3883.61,3892.0,3882.47,3891.61,1.0
623,33.0773431965,-8.58919061836,-9.6354884946,1.04629787623,58.7090909091,61.9172876539,3891.9,3905.0,3887.64,3902.3,1.0
624,31.2848888859,-6.45987348636,-9.00036549295,2.54049200659,87.2,62.4011466521,3902.47,3922.88,3901.59,3917.97,1.0
625,31.0836213383,-3.85405666229,-7.97110372682,4.11704706453,87.1479395197,65.6037440547,3917.97,3937.47,3870.08,3928.8,1.0
626,30.8967300442,-3.19247303475,-7.0153775884,3.82290455365,60.6878150015,65.6037944263,3928.8,3929.6,3904.3,3910.95,-1.0
627,30.8577046622,-2.85792776491,-6.18388762371,3.32595985879,56.5965016306,64.1791986333,3910.95,3918.98,3901.0,3908.19,-1.0
628,31.321293548,-2.88473215162,-5.52405652929,2.63932437767,50.6225911651,62.1167997876,3908.02,3920.0,3888.0,3904.16,-1.0
629,31.360574543,-1.36117738734,-4.6914807009,3.33030331356,78.7133115921,59.3765814797,3903.95,3924.99,3898.0,3923.11,1.0
630,31.1377062272,-0.0419116616281,-3.76156689304,3.71965523142,80.7389820448,58.7741584279,3923.1,3928.28,3916.0,3924.49,1.0
631,30.9307570768,0.4712670313,-2.91500010818,3.38626713948,71.0491170797,60.567215166,3924.16,3924.48,3917.0,3917.96,-1.0
632,31.4615992808,-0.0837213663349,-2.34874435981,2.26502299347,53.3461937973,61.1440296776,3917.95,3919.1,3900.08,3906.03,-1.0
633,32.2176495378,-1.33285790162,-2.14556706817,0.812709166552,38.180738982,60.0059614828,3906.7,3916.95,3893.0,3895.81,-1.0
634,32.9196962051,-1.42043942753,-2.00054154004,0.580102112509,54.4739575605,58.7384097334,3895.98,3909.99,3895.81,3906.79,1.0
635,33.5706034709,-1.51834017373,-1.90410126678,0.385761093046,53.6281347381,60.1086274812,3906.86,3910.0,3900.01,3906.22,-1.0
636,32.9143447484,-0.567027764932,-1.63668656641,1.06965880148,72.4291437899,62.1690786638,3906.22,3923.46,3905.0,3918.89,1.0
637,32.2575173705,-0.762130262139,-1.46177530556,0.699645043418,54.8152544888,64.5373941293,3918.01,3924.0,3906.0,3907.02,-1.0
638,32.1241728534,-1.23177318431,-1.41577488131,0.184001696995,48.7609437602,64.2592629564,3907.05,3910.06,3897.0,3902.94,-1.0
639,31.7684355914,-1.43252734631,-1.41912537431,-0.0134019720015,40.5288461538,61.5136160822,3902.94,3912.5,3899.35,3904.86,1.0
640,31.1017107503,-1.09964211886,-1.35522872322,0.255586604361,56.6037735849,58.1836808417,3905.84,3916.0,3900.0,3910.8,1.0
641,30.4826091121,-0.918838682888,-1.26795071515,0.349112032264,53.7239324727,57.8919635977,3910.8,3914.0,3903.25,3909.64,-1.0
642,29.5881682756,-0.172410478833,-1.04884266789,0.876432189055,68.2823129252,57.6867800864,3909.94,3917.09,3907.64,3917.09,1.0
643,28.8846531833,-0.122503361938,-0.863574806698,0.741071444761,49.2063492063,58.9481887836,3917.09,3917.47,3905.9,3910.36,-1.0
644,28.099198969,0.566540713829,-0.577551702593,1.14409241642,80.9720457433,56.8405486132,3910.36,3918.64,3907.56,3918.49,1.0
645,27.727150448,0.278281334855,-0.406385095103,0.684666429959,49.0,56.8571960202,3918.49,3920.0,3903.0,3908.19,-1.0
646,27.5222179958,0.153767219308,-0.294354632221,0.448121851529,53.2258064516,55.2822590859,3907.22,3913.76,3901.18,3909.5,1.0
647,25.6636420944,0.670301547932,-0.10142339619,0.771724944123,64.5073817415,55.2736599898,3909.43,3929.0,3905.61,3917.22,1.0
648,23.9378216145,0.898238112548,0.0985089055574,0.799729206991,56.5625,57.1541344726,3917.27,3925.89,3912.27,3915.1,-1.0
649,23.2173671151,0.300772593514,0.138961643149,0.161810950365,26.5625,57.3033160755,3915.12,3915.23,3902.2,3905.5,-1.0
650,22.2571520581,0.323832114572,0.175935737433,0.147896377139,45.9375,55.3700564513,3905.46,3918.0,3905.0,3911.7,1.0
651,21.365523791,0.40202596025,0.221153781997,0.180872178253,48.4375,53.4777961806,3911.7,3917.9,3908.08,3912.5,1.0
652,19.9805963112,0.893465287088,0.355616083015,0.537849204073,62.7318718381,53.0222422885,3912.75,3923.0,3912.15,3917.95,1.0
653,18.6007610111,1.43264464245,0.571021794902,0.861622847549,69.0,54.0201657227,3917.95,3923.87,3916.18,3920.01,1.0
654,18.4335043804,1.07373793064,0.67156502205,0.402172908592,33.2135154565,56.0538195688,3920.04,3924.88,3904.5,3910.42,-1.0
655,18.2781946519,0.786688650101,0.69458974766,0.0920989024403,33.5010783609,54.3830868454,3910.4,3918.0,3907.15,3910.5,1.0
656,18.4560134316,-0.00398173949861,0.554875450229,-0.558857189727,8.41121495327,52.938597266,3910.51,3918.0,3903.5,3903.52,-1.0
657,20.9951819136,-4.25383481694,-0.406866603205,-3.84696821373,0.0,48.662090268,3904.07,3913.21,3858.01,3858.01,-1.0
658,23.4636434897,-7.75678141816,-1.8768495662,-5.87993185196,0.979865771812,45.1473510389,3858.01,3873.96,3854.5,3855.23,-1.0
659,25.9553347717,-10.3338845226,-3.56825655748,-6.76562796513,10.1370539573,39.4336238981,3855.14,3868.88,3848.01,3856.22,1.0
660,28.8245231767,-14.4776104931,-5.7501273446,-8.72748314848,2.04854368932,36.6576991808,3856.98,3861.84,3826.0,3828.11,-1.0
661,31.5533138956,-16.8874515185,-7.97759217937,-8.90985933908,13.1499659831,33.002180412,3828.96,3858.88,3823.0,3836.53,1.0
662,34.0871909917,-18.705105296,-10.1230948027,-8.58201049327,11.7785630153,29.3337935722,3836.52,3845.0,3823.0,3835.0,-1.0
663,36.6195618972,-21.1142060584,-12.3213170538,-8.7928890046,4.53221696396,26.1349409304,3834.91,3838.47,3815.0,3819.98,-1.0
664,39.1692511747,-22.1962741081,-14.2963084647,-7.89996564345,18.2448809026,24.561349285,3820.95,3832.0,3805.23,3827.06,1.0
665,39.7438976474,-21.3177089151,-15.7005885548,-5.61712036031,33.6815712495,22.5833050637,3828.57,3848.98,3827.03,3845.53,1.0
666,40.1802853521,-20.5723064543,-16.6749321347,-3.89737431959,31.7342248224,21.529310153,3845.53,3849.99,3838.11,3843.2,-1.0
667,40.5896916926,-19.4930047376,-17.2385466553,-2.25445808235,34.4671959883,19.315192509,3844.0,3847.47,3838.0,3846.47,1.0
668,40.4921468914,-18.3327198629,-17.4573812968,-0.875338566096,37.5986521238,16.848563651,3846.04,3852.0,3845.87,3847.63,1.0
669,41.2295809448,-19.0798161022,-17.7818682579,-1.29794784433,16.8661878159,17.1617876987,3847.63,3847.65,3824.24,3824.25,-1.0
670,42.1108750977,-18.4545517187,-17.91640495,-0.538146768684,29.1442859789,15.9735812312,3824.85,3846.0,3818.0,3836.7,1.0
671,42.9292196683,-18.6079251879,-18.0547089976,-0.553216190264,30.2197002764,17.4545148759,3836.71,3845.0,3821.42,3826.0,-1.0
672,43.6891110552,-18.3006488439,-18.1038969669,-0.196751877029,36.8735271013,19.6130648956,3825.0,3836.26,3822.0,3828.7,1.0
673,44.8986354828,-18.95459873,-18.2740373195,-0.680561410526,17.0287934994,22.1768978477,3828.69,3837.52,3806.0,3814.87,-1.0
674,42.8390818667,-14.6919714473,-17.5576241451,2.86565269776,95.646570242,22.6691649579,3814.88,3875.06,3812.43,3872.02,1.0
675,40.9266392231,-12.0440216224,-16.4549036405,4.41088201812,80.2233996849,29.3547382831,3872.07,3873.19,3850.11,3861.25,-1.0
676,39.6288455396,-11.2983740773,-15.4235977279,4.12522365059,53.9023342403,34.1456978332,3861.77,3865.0,3840.0,3842.87,-1.0
677,38.4237514049,-10.0964180339,-14.3581617891,4.26174375515,62.6807962194,37.154538635,3844.01,3860.0,3840.0,3849.0,1.0
678,37.5460307671,-10.0766927232,-13.5018679759,3.42517525268,43.4404865334,41.3080085818,3849.0,3854.99,3835.0,3836.0,-1.0
679,37.2543499118,-9.08885445732,-12.6192652722,3.53041081488,59.0066608746,43.1076946983,3836.0,3848.0,3823.31,3846.75,1.0
680,36.1853120457,-7.97520505289,-11.6904532283,3.71524817545,63.2927888792,44.9166296715,3845.87,3858.0,3842.1,3849.71,1.0
681,35.4730241194,-7.60849734226,-10.8740620511,3.26556470886,52.4616275702,47.1708128184,3849.71,3852.52,3836.2,3842.23,-1.0
682,34.8116139021,-7.34137879584,-10.1675254001,2.82614660422,50.5212858384,48.45612936,3842.23,3845.02,3839.0,3840.89,-1.0
683,33.3846326768,-7.11783715639,-9.55758775133,2.43975059494,49.2615117289,49.3791746253,3840.89,3855.0,3838.92,3840.02,-1.0
684,32.7851617938,-7.40243744279,-9.12655768962,1.72412024683,39.4439617724,51.6931263334,3840.02,3843.52,3825.0,3833.24,-1.0
685,32.2285102596,-7.27302242566,-8.75585063683,1.48282821117,44.3092962641,52.4288174615,3833.28,3838.01,3827.13,3836.6,1.0
686,30.897993588,-6.28304744158,-8.26128999778,1.9782425562,58.9342600637,53.4352171749,3836.6,3848.1,3833.63,3846.7,1.0
687,29.1328188942,-6.20004085927,-7.84904017008,1.64899931081,39.4220022354,55.0109838151,3847.01,3855.28,3835.02,3837.12,-1.0
688,27.2271808505,-5.17170190323,-7.31357251671,2.14187061348,50.1202886929,56.6104987248,3837.13,3859.0,3835.0,3848.31,1.0
689,25.45765981,-4.09409500715,-6.6696770148,2.57558200765,66.3708323339,53.3586214713,3848.31,3859.0,3841.1,3850.98,1.0
690,23.7344380934,-2.60167826512,-5.85607726486,3.25439899974,95.9400544959,52.3691523748,3851.64,3860.01,3850.0,3858.52,1.0
691,22.1343036422,-1.4139252249,-4.96764685687,3.55372163197,95.5585831063,55.3718466787,3858.52,3860.0,3854.5,3858.38,-1.0
692,20.9454068454,-0.741652327577,-4.12244795101,3.38079562343,86.1852861035,57.7202600278,3858.48,3859.29,3851.0,3854.94,-1.0
693,19.8414312483,-0.204895472665,-3.33893745534,3.13404198268,85.5755498429,60.7734599971,3854.2,3858.08,3851.0,3854.96,1.0
694,19.8519848099,-0.728121350182,-2.81677423431,2.08865288413,51.6995144244,62.6712377806,3854.96,3858.08,3838.02,3843.1,-1.0
695,19.8617845456,-0.911980697522,-2.43581552695,1.52383482943,59.4972864896,61.8431467481,3843.1,3846.84,3838.66,3845.83,1.0
696,19.5979020864,-1.13657727225,-2.17596787601,1.03939060376,56.2410739789,62.3456938137,3845.83,3849.24,3838.92,3844.69,-1.0
697,18.7593838025,-0.659818722278,-1.87273804526,1.21291932299,79.1488146244,62.7542501095,3844.71,3854.63,3842.4,3852.71,1.0
698,17.9424174679,-0.595465798827,-1.61728359598,1.02181779715,65.7238442822,64.8890574592,3852.79,3854.98,3846.14,3848.74,-1.0
699,18.2613111285,0.44213795372,-1.20539928604,1.64753723976,59.0899288333,66.7661919241,3848.41,3880.0,3840.0,3861.03,1.0
700,18.5574266706,1.16946695696,-0.730426037439,1.89989299439,55.6,67.8219513934,3861.03,3877.68,3857.01,3860.02,-1.0
701,18.0013410309,1.25532908819,-0.333275012314,1.5886041005,42.4888888889,67.5837899603,3860.03,3864.44,3848.83,3854.12,-1.0
702,17.0340092726,0.734732990566,-0.119673411738,0.854406402305,21.2243925679,67.8028532926,3854.13,3858.54,3844.0,3846.93,0.0
